timestamp,Volume,VWAP,Open,Close,High,Low,Trades,MA_Short,MA_Long
2023-12-29,18730838.0,375.8532,376.0,376.04,377.16,373.48,296401,,
2024-01-02,25258633.0,370.0458,373.86,370.87,375.9,366.771,458059,,
2024-01-03,23083465.0,371.1644,369.01,370.6,373.2562,368.51,373401,,
2024-01-04,20901502.0,369.8079,370.665,367.94,373.1,367.17,336221,,
2024-01-05,21004575.0,368.9509,368.97,367.75,372.06,366.5,327543,370.64,
2024-01-08,23133967.0,372.9104,369.3,374.69,375.2,369.01,370001,370.37,
2024-01-09,20829953.0,374.47,372.01,375.79,375.99,371.19,348113,371.354,
2024-01-10,25514245.0,381.631,376.37,382.77,384.17,376.32,425876,373.788,
2024-01-11,27850846.0,384.6284,386.0,384.63,390.68,380.38,462956,377.12600000000003,
2024-01-12,21661153.0,387.4052,385.49,388.47,388.68,384.65,349004,381.27,
2024-01-16,27202268.0,390.7,393.66,390.27,394.03,387.6229,461338,384.38599999999997,
2024-01-17,22234108.0,388.3721,387.98,389.47,390.11,384.81,363165,387.122,
2024-01-18,23392068.0,392.7206,391.72,393.87,393.99,390.12,369692,389.342,
2024-01-19,29331136.0,396.7214,395.76,398.67,398.67,393.5,425457,392.15,
2024-01-22,27016902.0,396.8531,400.02,396.51,400.62,393.59,450387,393.75800000000004,
2024-01-23,20525882.0,397.3286,395.75,398.9,399.38,393.93,318881,395.484,
2024-01-24,24866953.0,403.1022,401.54,402.56,405.63,400.45,412574,398.102,
2024-01-25,21021155.0,404.8275,404.32,404.87,407.01,402.5294,386009,400.302,
2024-01-26,17803271.0,404.0245,404.37,403.93,406.17,402.43,337194,401.354,
2024-01-29,24510236.0,408.1084,406.06,409.72,409.98,404.33,446368,403.996,387.416
2024-01-30,33477610.0,408.7078,412.26,408.59,413.05,406.4501,606542,405.934,389.0435
2024-01-31,47871097.0,403.043,406.96,397.58,415.32,397.21,736136,404.938,390.379
2024-02-01,30657726.0,404.4632,401.83,403.78,408.0,401.8,476058,404.71999999999997,392.038
2024-02-02,28256670.0,409.8935,403.81,411.22,412.65,403.56,474634,406.178,394.202
2024-02-05,25352286.0,406.2356,409.9,405.65,411.16,403.99,455599,405.364,396.09700000000004
2024-02-06,18382624.0,404.8658,405.88,405.49,407.97,402.91,342464,404.744,397.637
2024-02-07,22340526.0,411.9182,407.44,414.05,414.3,407.4,352956,408.038,399.55
2024-02-08,21225257.0,413.833,414.05,414.11,415.56,412.53,323852,410.104,401.117
2024-02-09,22032844.0,418.7592,415.25,420.55,420.82,415.09,369747,411.96999999999997,402.913
2024-02-12,21202921.0,416.8165,420.555,415.26,420.74,414.75,401543,413.892,404.2525
2024-02-13,27824936.0,406.7192,404.94,406.32,410.071,403.39,544613,414.058,405.055
2024-02-14,20401190.0,407.428,408.07,409.49,409.84,404.57,384410,413.146,406.056
2024-02-15,21825525.0,406.0888,408.14,406.56,409.13,404.29,412617,411.63599999999997,406.69050000000004
2024-02-16,22296495.0,405.1959,407.96,404.06,408.29,403.44,371675,408.338,406.96
2024-02-20,24307915.0,401.4432,403.24,402.79,404.49,398.01,450376,405.844,407.274
2024-02-21,18631072.0,400.284,400.17,402.18,402.29,397.22,372892,405.01599999999996,407.438
2024-02-22,27009869.0,410.802,410.19,411.65,412.83,408.57,438853,405.448,407.89250000000004
2024-02-23,16295879.0,411.3821,415.67,410.34,415.86,408.97,339008,406.204,408.166
2024-02-26,16193505.0,408.6943,411.455,407.54,412.16,407.36,360536,406.9,408.3465
2024-02-27,14835827.0,406.5203,407.99,407.48,408.32,403.85,329867,407.838,408.2345
2024-02-28,13183125.0,407.2073,408.175,407.72,409.3,405.3201,288489,408.946,408.19100000000003
2024-02-29,31947263.0,411.6895,408.64,413.64,414.2,405.92,381314,409.344,408.994
2024-03-01,17823445.0,414.0696,411.27,415.5,415.87,410.88,394309,410.37600000000003,409.58
2024-03-04,17595956.0,415.1331,413.44,414.92,417.35,412.32,397492,411.85200000000003,409.76500000000004
2024-03-05,26919177.0,403.9295,413.96,402.65,414.25,400.64,538264,410.8860000000001,409.61499999999995
2024-03-06,22344149.0,402.2281,402.97,402.09,405.16,398.39,449330,409.75999999999993,409.445
2024-03-07,18718479.0,407.6379,406.12,409.14,409.78,402.24,356886,408.86,409.1995
2024-03-08,18002186.0,407.1068,407.96,406.22,410.42,404.33,372186,407.004,408.805
2024-03-11,16120752.0,403.871,403.762,404.52,405.68,401.26,361478,404.924,408.0035
2024-03-12,22457003.0,413.4651,407.62,415.28,415.57,406.79,390705,407.45,408.0045
2024-03-13,17115931.0,414.9263,418.1,415.1,418.18,411.45,335667,410.05199999999996,408.4435
2024-03-14,34157299.0,424.5338,420.24,425.22,427.82,417.99,595704,413.26800000000003,409.23
2024-03-15,45079903.0,416.9739,419.29,416.42,422.6,412.79,502616,415.308,409.72299999999996
2024-03-18,20105977.0,417.9454,414.25,417.32,420.73,413.78,378727,417.86800000000005,410.3860000000001
2024-03-19,19837915.0,420.2888,417.83,421.41,421.6656,415.55,333782,419.09400000000005,411.317
2024-03-20,17860085.0,423.7707,422.0,425.23,425.96,420.66,341853,421.12000000000006,412.4695
2024-03-21,21296222.0,429.2346,429.83,429.37,430.82,427.16,382103,421.95,413.3555
2024-03-22,17648473.0,428.396,429.7,428.74,429.86,426.07,314771,424.41400000000004,414.2755
2024-03-25,18060450.0,423.6345,425.24,422.86,427.41,421.61,392629,425.52200000000005,415.0415
2024-03-26,16725647.0,422.7992,425.61,421.65,425.99,421.35,318246,425.57,415.75
2024-03-27,16704978.0,420.9515,424.44,421.43,424.45,419.01,333518,424.81000000000006,416.43549999999993
2024-03-28,21871161.0,420.7417,420.96,420.72,421.87,419.12,307365,423.08000000000004,416.78950000000003
2024-04-01,16315961.0,424.3187,423.95,424.57,427.89,422.22,365011,422.246,417.24300000000005
2024-04-02,17911992.0,420.9424,420.11,421.44,422.38,417.84,364604,421.962,417.5690000000001
2024-04-03,16502264.0,421.2183,419.73,420.45,423.26,419.085,337782,421.72200000000004,418.459
2024-04-04,19370875.0,421.9102,424.99,417.88,428.67,417.57,371919,421.012,419.24850000000004
2024-04-05,16554761.0,424.2194,420.01,425.52,426.51,418.32,353311,421.9719999999999,420.0675
2024-04-08,14272387.0,424.9753,425.17,424.59,427.28,423.3,316897,421.976,420.986
2024-04-09,12512289.0,424.8551,426.44,426.28,427.74,421.62,298321,422.94399999999996,422.07399999999996
2024-04-10,16216581.0,421.8454,422.19,423.26,424.03,419.7,377856,423.506,422.47299999999996
2024-04-11,17966423.0,426.7616,425.82,427.93,429.37,422.36,345478,425.51599999999996,423.1145
2024-04-12,19253750.0,422.2518,424.05,421.9,425.1794,419.77,372088,424.79200000000003,422.94849999999997
2024-04-15,20273538.0,417.9412,426.6,413.64,426.82,413.43,419801,422.602,422.8095
2024-04-16,16765616.0,415.5907,414.57,414.58,418.4,413.7301,344530,420.262,422.6725
2024-04-17,15855485.0,413.5457,417.25,411.84,418.88,410.33,353077,417.97799999999995,422.1940000000001
2024-04-18,21029917.0,406.9816,410.63,404.27,411.89,403.95,422714,413.246,421.146
2024-04-19,30565789.0,400.612,404.03,399.12,405.48,397.77,470293,408.69,419.6335
2024-04-22,20286875.0,400.2445,400.08,400.96,402.85,395.75,395628,406.154,418.24449999999996
2024-04-23,15734501.0,406.8605,404.235,407.57,408.2,403.06,332315,404.752,417.4799999999999
2024-04-24,15065330.0,408.7855,409.56,409.06,412.47,406.78,340119,404.196,416.8505
2024-04-25,40586450.0,397.6595,394.03,399.04,399.8899,388.03,782685,403.15,415.73099999999994
2024-04-26,29694654.0,408.9117,412.17,406.32,413.0,405.7601,532057,404.59,415.01099999999997
2024-04-29,19582091.0,401.615,405.25,402.25,406.32,399.19,424047,404.84799999999996,413.895
2024-04-30,28781374.0,393.8985,401.49,389.33,402.16,389.17,511476,401.2,412.2895
2024-05-01,23562481.0,395.2703,392.61,394.94,401.7199,390.31,459339,398.37600000000003,411.014
2024-05-02,17709364.0,397.31,397.66,397.84,399.93,394.6515,336629,398.136,410.012
2024-05-03,17446724.0,405.7904,402.28,406.66,407.15,401.86,356126,398.204,409.06899999999996
2024-05-06,16996639.0,411.0587,408.76,413.54,413.93,406.3701,351011,400.46200000000005,408.51649999999995
2024-05-07,20018228.0,410.7931,414.66,409.34,414.67,409.09,334643,404.464,407.66949999999997
2024-05-08,11792308.0,410.4116,408.17,410.54,412.23,406.7132,272545,407.584,407.03349999999995
2024-05-09,14689727.0,411.668,410.57,412.32,412.72,409.1,259285,410.48,406.25300000000004
2024-05-10,13402281.0,414.2665,412.935,414.74,415.38,411.8,319661,412.096,405.895
2024-05-13,15440226.0,413.8789,418.01,413.72,418.348,410.82,342746,412.13199999999995,405.899
2024-05-14,15109306.0,414.905,412.02,416.56,417.49,411.55,340286,413.576,405.998
2024-05-15,22239533.0,421.8711,417.9,423.08,423.81,417.27,414733,416.084,406.56
2024-05-16,17530050.0,422.1947,421.8,420.99,425.42,420.35,363229,417.81800000000004,407.396
2024-05-17,15352239.0,420.0833,422.54,420.21,422.92,418.025,291491,418.912,408.4505
2024-05-20,16272137.0,424.8492,420.21,425.34,426.77,419.99,325281,421.236,409.66949999999997
2024-05-21,21453255.0,429.2544,426.825,429.04,432.97,424.85,391818,423.73199999999997,410.74300000000005
2024-05-22,18073698.0,430.0097,430.09,430.52,432.41,427.13,326622,425.21999999999997,411.816
2024-05-23,17211689.0,429.2132,432.97,427.0,433.6,425.424,363758,426.422,413.21399999999994
2024-05-24,11855285.0,428.8383,427.19,430.16,431.055,424.41,301686,428.412,414.40599999999995
2024-05-28,15718024.0,429.0925,429.63,430.32,430.82,426.6,380657,429.408,415.8095
2024-05-29,15517130.0,429.2916,425.69,429.17,430.94,425.69,332791,429.434,417.80150000000003
2024-05-30,28424847.0,418.0696,424.3,414.67,424.3,414.24,553475,426.264,418.788
2024-05-31,47995250.0,411.8715,416.75,415.13,416.75,404.51,602158,423.89000000000004,419.65250000000003
2024-06-03,17484675.0,412.8073,415.525,413.52,416.43,408.9234,447158,420.562,419.9955
2024-06-04,14348917.0,413.9785,412.43,416.07,416.44,409.675,316576,417.712,420.122
2024-06-05,16988038.0,421.7613,417.81,424.01,424.08,416.3,362676,416.68,420.8555
2024-06-06,14861251.0,423.6291,424.01,424.52,425.31,420.58,339050,418.65,421.5545
2024-06-07,13621650.0,424.4686,426.2,423.85,426.28,423.0,242543,420.39400000000006,422.131
2024-06-10,14003034.0,426.9254,424.7,427.87,428.08,423.89,366210,423.264,422.7875
2024-06-11,14551101.0,430.1586,425.475,432.68,432.82,425.25,351901,426.58599999999996,423.73549999999994
2024-06-12,22366233.0,439.4047,435.32,441.06,443.4,433.25,493585,429.996,424.9605
2024-06-13,15960565.0,441.5155,440.85,441.58,443.39,439.37,358457,433.408,425.88550000000004
2024-06-14,13581985.0,441.7604,438.275,442.57,443.1376,436.721,324884,437.15200000000004,426.96450000000004
2024-06-17,20790030.0,446.7889,442.585,448.37,450.94,440.72,438278,441.25200000000007,428.37250000000006
2024-06-18,17112504.0,446.7172,449.705,446.34,450.14,444.89,381009,443.98400000000004,429.4225
2024-06-20,19877378.0,444.5529,446.3,445.7,446.53,441.27,444422,444.912,430.25550000000004
2024-06-21,34486172.0,448.872,447.38,449.78,450.58,446.51,384957,446.55199999999996,431.21849999999995
2024-06-24,15913719.0,448.711,449.8,447.67,452.75,446.41,391482,447.572,432.25199999999995
2024-06-25,16747529.0,449.9838,448.25,450.95,451.42,446.75,312623,448.088,433.2915
2024-06-26,16507030.0,451.8189,449.0,452.16,453.6,448.19,327608,449.25199999999995,434.3835
2024-06-27,14806324.0,453.5715,452.175,452.85,456.17,451.77,327938,450.6820000000001,435.5675
2024-06-28,28362271.0,449.6845,453.07,446.95,455.38,446.41,399860,450.116,437.1815
2024-07-01,17662818.0,453.2717,448.66,456.73,457.37,445.66,414466,451.92800000000005,439.26149999999996
2024-07-02,13979779.0,457.5916,453.2,459.28,459.59,453.113,352739,453.59400000000005,441.54949999999997
2024-07-03,9932830.0,459.7752,458.19,460.77,461.02,457.88,297118,455.316,443.78450000000004
2024-07-05,16000290.0,466.1665,459.61,467.56,468.35,458.965,410920,458.258,445.962
2024-07-08,12962321.0,465.8994,466.55,466.24,467.7,464.46,394953,462.116,448.04800000000006
2024-07-09,17228507.0,461.2484,467.0,459.54,467.33,458.0,457064,462.678,449.8325
2024-07-10,18196100.0,463.8625,461.22,466.25,466.46,458.855,399314,464.072,451.7515
2024-07-11,23111175.0,455.7877,462.98,454.7,464.78,451.55,567255,462.858,452.8525000000001
2024-07-12,16324274.0,453.8281,454.325,453.55,456.36,450.645,438221,460.05600000000004,453.477
2024-07-15,14429447.0,453.9164,453.3,453.96,457.26,451.43,410307,457.6,454.096
2024-07-16,17175679.0,449.2642,454.22,449.52,454.3,446.66,462050,455.596,454.4435
2024-07-17,21754021.0,442.4715,442.59,443.52,444.85,439.18,541859,451.05,454.201
2024-07-18,20794822.0,438.7823,444.34,440.37,444.65,434.4,512514,448.184,453.90250000000003
2024-07-19,20940417.0,436.7179,433.1,437.11,441.14,432.0,483493,444.896,453.47299999999996
2024-07-22,15808755.0,442.5844,441.79,442.94,444.6,438.9125,405669,442.692,453.13100000000003
2024-07-23,13107050.0,445.2049,443.895,444.85,448.39,443.1,316402,441.758,452.99000000000007
2024-07-24,26805800.0,431.0394,440.45,428.9,441.48,427.585,550695,438.834,451.8875
2024-07-25,29943795.0,422.0261,428.8,418.4,429.8,417.51,618079,434.43999999999994,450.1995
2024-07-26,23583839.0,424.2656,418.2,425.27,428.915,417.27,437364,432.072,448.8205
2024-07-29,15125836.0,427.3855,431.58,426.73,432.15,424.7042,372627,428.83000000000004,447.80949999999996
2024-07-30,32687578.0,416.1541,427.72,422.92,429.05,417.36,673248,424.4440000000001,446.11899999999997
2024-07-31,42891366.0,417.4317,420.495,418.35,421.775,412.21,812250,422.334,444.07250000000005
2024-08-01,30296400.0,419.1844,420.785,417.11,427.46,413.0901,570644,422.076,441.88950000000006
2024-08-02,29437900.0,407.4872,412.49,408.49,415.0,404.34,640102,418.71999999999997,438.93600000000004
2024-08-05,40709238.0,394.819,389.17,395.15,401.04,385.58,911327,412.404,435.38149999999996
2024-08-06,24946525.0,401.5969,400.0,399.61,405.67,398.5,523891,407.742,432.38500000000005
2024-08-07,20650906.0,402.4902,408.635,398.43,410.08,397.47,434281,403.758,428.994
2024-08-08,20203030.0,402.8599,402.44,402.69,405.86,399.9407,388851,400.874,426.3935
2024-08-09,19276666.0,405.4199,404.03,406.02,408.05,402.2624,329992,400.38,424.017
2024-08-12,16762883.0,406.4858,407.06,406.81,408.76,404.2434,338061,402.712,421.65950000000004
2024-08-13,19414271.0,413.2735,409.59,414.01,414.95,409.57,338600,405.592,419.884
2024-08-14,18266980.0,416.0948,414.8,416.86,417.72,412.4456,318420,409.27799999999996,418.55100000000004
2024-08-15,20752144.0,420.0442,419.8,421.03,421.11,417.66,345855,412.946,417.584
2024-08-16,22775593.0,419.0297,420.6,418.47,421.34,417.3,326153,415.436,416.65199999999993
2024-08-19,15233957.0,419.8896,418.96,421.53,421.75,416.46,325670,418.38,415.58149999999995
2024-08-20,16387581.0,423.8665,421.7,424.8,425.86,421.64,311630,420.538,414.579
2024-08-21,16067298.0,423.8693,424.075,424.14,426.4,421.72,299663,421.99399999999997,414.341
2024-08-22,19361901.0,417.7537,424.36,415.55,426.7899,414.61,385371,420.898,414.1985000000001
2024-08-23,18493784.0,416.0859,416.98,416.79,419.26,412.09,366474,420.562,413.7745
2024-08-26,13152830.0,413.7616,416.365,413.49,417.2799,411.34,330244,418.954,413.1125
2024-08-27,13492911.0,413.0336,412.86,413.84,414.36,410.25,286626,416.762,412.6585
2024-08-28,14882660.0,410.4105,414.88,410.6,415.0,407.31,329368,414.054,412.271
2024-08-29,17045241.0,416.249,414.94,413.12,422.05,410.6,355290,413.56800000000004,412.0715
2024-08-30,24308324.0,416.0141,415.6,417.14,417.49,412.13,314932,413.63800000000003,412.504
2024-09-03,20313603.0,411.6991,417.91,409.44,419.88,407.03,430855,412.828,413.21850000000006
2024-09-04,15135806.0,408.5297,405.91,408.9,411.24,404.37,359710,411.84,413.683
2024-09-05,14195516.0,408.724,407.62,408.39,413.1,406.13,330522,411.398,414.18100000000004
2024-09-06,19609526.0,402.8702,409.06,401.7,410.65,400.8,399098,409.114,414.1315000000001
2024-09-09,15295134.0,405.0266,407.24,405.72,408.65,402.15,339753,406.83,414.1165
2024-09-10,19594287.0,413.0725,408.2,414.2,416.33,407.7,366321,407.78200000000004,414.48600000000005
2024-09-11,19266923.0,418.9496,415.5,423.04,423.99,409.58,375561,410.61,414.9375
2024-09-12,17418759.0,424.5033,423.31,427.0,427.3692,419.75,366812,414.332,415.44449999999995
2024-09-13,15874555.0,429.756,425.825,430.59,431.83,425.46,318566,420.11,415.9225
2024-09-16,13834697.0,430.8632,430.6,431.34,433.53,428.22,348083,425.23400000000004,416.566
2024-09-17,18874231.0,436.4993,440.23,435.15,441.85,432.27,408698,429.424,417.247
2024-09-18,18898042.0,432.2288,435.0,430.81,436.03,430.41,372054,430.97799999999995,417.54749999999996
2024-09-19,21706559.0,438.9613,441.225,438.69,441.5,436.9,381618,433.316,418.275
2024-09-20,55167106.0,435.7181,437.22,435.27,439.24,434.22,336295,434.25200000000007,419.26099999999997
2024-09-23,15128891.0,433.7558,434.28,433.51,436.46,430.3889,295250,434.686,420.09700000000004
2024-09-24,17015754.0,429.1302,433.0,429.17,433.35,426.1,339671,433.48999999999995,420.88100000000003
2024-09-25,13396364.0,431.4952,429.83,432.11,433.119,428.57,285258,433.75,421.79449999999997
2024-09-26,14492044.0,431.1754,435.085,431.31,435.3,429.13,265509,432.274,422.83000000000004
2024-09-27,14896131.0,429.0284,431.52,428.02,431.85,427.47,285452,430.82399999999996,423.575
2024-09-30,16854606.0,428.7332,428.21,430.3,430.42,425.37,331755,430.18199999999996,424.233
2024-10-01,19092945.0,421.6867,428.45,420.69,428.48,418.81,426465,428.486,424.7955
2024-10-02,16582257.0,418.058,422.58,417.13,422.82,416.71,365271,425.48999999999995,425.207
2024-10-03,13686421.0,416.6199,417.63,416.54,419.55,414.29,315114,422.53600000000006,425.6145
2024-10-04,19190913.0,416.778,418.24,416.06,419.75,414.97,356081,420.14400000000006,426.3325
2024-10-07,20919761.0,412.0843,416.0,409.54,417.11,409.0,442060,415.992,426.52349999999996
2024-10-08,19229261.0,413.4927,410.9,414.71,415.66,408.17,314547,414.796,426.549
2024-10-09,14974257.0,417.5639,415.86,417.46,420.38,414.3,334168,414.86199999999997,426.27
2024-10-10,13848376.0,415.5643,415.225,415.84,417.35,413.15,304247,414.72200000000004,425.712
2024-10-11,14144944.0,415.5294,416.135,416.32,417.13,413.25,318356,414.774,424.9985
2024-10-14,16653086.0,420.1286,417.77,419.14,424.04,417.52,358012,416.69399999999996,424.3885
2024-10-15,18900201.0,418.323,422.18,418.74,422.48,415.26,375124,417.5,423.56800000000004
2024-10-16,15508932.0,414.8877,415.17,416.12,416.36,410.48,361156,417.23199999999997,422.8335
2024-10-17,14820004.0,417.3986,422.36,416.72,422.5,415.59,295684,417.408,421.735
2024-10-18,17145317.0,417.7168,417.14,418.16,419.65,416.2601,275277,417.776,420.8795
2024-10-21,14206115.0,417.1892,416.12,418.78,418.96,413.7501,321051,417.704,420.1429999999999
2024-10-22,25482197.0,426.7548,418.49,427.51,430.5793,418.04,447344,419.45799999999997,420.06000000000006
2024-10-23,19654379.0,426.5163,430.855,424.6,431.08,422.53,396249,421.154,419.6845
2024-10-24,13581631.0,424.6022,425.325,424.73,425.9782,422.4,276493,422.756,419.3555
2024-10-25,16899064.0,429.3305,426.76,428.15,432.52,426.565,342363,424.754,419.36199999999997
2024-10-28,14882444.0,428.0089,431.655,426.59,431.94,426.3,354173,426.316,419.1764999999999
2024-10-29,17644080.0,430.9784,428.0,431.95,433.17,425.8001,340970,427.204,419.7395
2024-10-30,29749149.0,434.1578,437.435,432.53,438.5,432.1,641185,428.78999999999996,420.5095
2024-10-31,53970981.0,408.9503,415.36,406.35,416.16,406.3,1064128,425.1139999999999,420.0
2024-11-01,24230442.0,411.4953,409.01,410.37,415.5,407.5,493621,421.558,419.71549999999996
2024-11-04,19672286.0,408.2891,409.8,408.46,410.415,405.5713,416117,417.93199999999996,419.6615
2024-11-05,17626011.0,412.1072,408.37,411.46,414.9,408.08,267936,413.834,419.49899999999997
2024-11-06,26681842.0,417.8694,412.42,420.18,420.45,410.52,533383,411.3639999999999,419.63499999999993
2024-11-07,19901782.0,424.4622,421.28,425.43,426.85,419.88,404175,415.18,420.1145
2024-11-08,16891414.0,423.3528,425.32,422.54,426.5,421.78,354091,417.61400000000003,420.4255
2024-11-11,24503321.0,418.9921,422.515,418.01,424.81,416.0,365322,419.524,420.369
2024-11-12,19401204.0,421.7267,418.25,423.03,424.44,417.2,340411,421.838,420.5835
2024-11-13,21502185.0,424.5944,421.64,425.2,429.325,418.21,341868,422.842,421.0375
2024-11-14,30246881.0,426.1542,425.0,426.89,428.17,420.0,380238,423.134,421.546
2024-11-15,28247644.0,416.3251,419.82,415.0,422.8,413.64,381330,421.62600000000003,421.38800000000003
2024-11-18,24742013.0,415.8283,414.87,415.76,418.4037,412.1,281885,421.17600000000004,421.23699999999997
2024-11-19,18133529.0,415.6886,413.11,417.79,417.94,411.55,276550,420.128,420.75100000000003
2024-11-20,19191655.0,414.6219,416.87,415.49,417.29,410.58,285466,418.18600000000004,420.2955
2024-11-21,20780162.0,413.6233,419.5,412.87,419.78,410.2887,335479,415.38199999999995,419.7025
2024-11-22,24814626.0,415.0652,411.365,417.0,417.4,411.06,284577,415.782,419.145
2024-11-25,27691090.0,417.9725,418.38,418.79,421.08,414.85,313167,416.38800000000003,418.755
2024-11-26,23458889.0,425.8962,419.585,427.99,429.0414,418.85,347123,418.42800000000005,418.55699999999996
2024-11-27,18332444.0,423.9028,425.105,422.99,427.2299,422.02,261034,419.92800000000005,418.08000000000004
2024-11-29,16271921.0,422.4302,420.09,423.46,424.8849,417.8,210576,422.046,418.93549999999993
2024-12-02,20207223.0,430.1369,421.57,430.98,433.0,421.31,334918,424.842,419.966
2024-12-03,18301987.0,430.7276,429.84,431.2,432.47,427.74,268208,427.32399999999996,421.10299999999995
2024-12-04,26009429.0,437.2166,433.03,437.42,439.67,432.63,350819,429.21000000000004,422.401
2024-12-05,21697775.0,441.7255,437.92,442.62,444.66,436.171,328792,433.13599999999997,423.52299999999997
2024-12-06,18821002.0,443.6452,442.3,443.57,446.1,441.7703,277267,437.158,424.43
2024-12-09,19144388.0,445.5064,442.6,446.02,448.33,440.5,318830,440.166,425.604
2024-12-10,18469459.0,444.7309,444.39,443.33,449.62,441.6,309314,442.592,426.87
2024-12-11,19200208.0,448.5603,444.05,448.99,450.35,444.05,272368,444.90600000000006,428.168
2024-12-12,20834779.0,451.6344,449.11,449.56,456.1648,449.11,319761,446.294,429.38599999999997
2024-12-13,20177833.0,447.5519,448.435,447.27,451.43,445.58,272450,447.034,430.40500000000003
2024-12-16,23598834.0,449.8127,447.27,451.59,452.18,445.28,317809,448.14799999999997,432.2345
2024-12-17,22733494.0,453.7481,451.01,454.46,455.29,449.57,320719,450.37399999999997,434.16949999999997
2024-12-18,24444545.0,443.8735,451.32,437.39,452.65,437.02,390068,448.054,435.1495
2024-12-19,22963681.0,438.8406,441.62,437.03,443.1834,436.32,327735,445.54799999999994,436.22649999999993
2024-12-20,64263694.0,436.2563,433.11,436.6,443.74,428.63,366000,443.41400000000004,437.413
2024-12-23,19152519.0,435.0529,436.74,435.25,437.65,432.83,267110,440.146,438.32550000000003
2024-12-24,7164543.0,437.9834,434.65,439.33,439.6,434.19,132584,437.12,439.35249999999996
2024-12-26,8199927.0,438.6297,439.08,438.11,440.94,436.63,181124,437.264,439.8585
2024-12-27,18117713.0,429.7034,434.6,430.53,435.22,426.35,317976,435.96400000000006,440.23549999999994
2024-12-30,13158703.0,425.2348,426.06,424.83,427.55,421.9,283674,433.61,440.304
2024-12-31,13246509.0,422.5086,426.1,421.5,426.73,420.66,229686,430.86,439.8299999999999
2025-01-02,16896469.0,419.6368,425.53,418.58,426.07,414.85,353076,426.7099999999999,439.19899999999996
2025-01-03,16662943.0,422.5164,421.08,423.35,424.03,419.54,285046,423.758,438.4955
2025-01-06,20573648.0,428.8399,428.0,427.85,434.32,425.4774,372816,423.22200000000004,437.75699999999995
2025-01-07,18139065.0,424.3997,429.0,422.37,430.65,420.8,299265,422.73,436.697
2025-01-08,15054575.0,424.4542,423.46,424.56,426.97,421.54,249660,423.342,435.62399999999997
2025-01-10,20201132.0,419.2507,424.63,418.95,424.71,415.02,360661,423.416,434.40500000000003
2025-01-13,17604780.0,415.8274,415.235,417.19,418.5,412.29,305299,422.184,432.81499999999994
2025-01-14,16935856.0,415.473,417.81,415.67,419.74,410.72,291483,419.74799999999993,431.1205
2025-01-15,19637838.0,425.5384,419.13,426.31,428.15,418.265,306574,420.53600000000006,430.07250000000005
2025-01-16,15300023.0,426.1062,428.695,424.58,429.49,424.39,247931,420.5400000000001,428.72200000000004
2025-01-17,26197507.0,430.6367,434.085,429.03,434.48,428.17,280168,422.55600000000004,427.45050000000003
2025-01-21,26085703.0,428.5769,430.2,428.5,430.8999,425.595,389324,424.81800000000004,427.00600000000003
2025-01-22,27803811.0,442.944,437.56,446.2,447.27,436.0,463559,430.924,427.46449999999993
2025-01-23,18389270.0,444.9181,442.0,446.71,446.75,441.5048,281369,435.004,427.96999999999997
2025-01-24,15549453.0,444.0559,445.16,444.06,446.65,441.4,269540,438.9,428.41049999999996
2025-01-27,35647805.0,430.045,424.01,434.56,435.2,423.5,646791,440.00600000000003,428.172
2025-01-28,23491703.0,443.6589,434.6,447.2,448.38,431.38,419473,443.746,428.62649999999996
2025-01-29,23581370.0,439.3597,446.69,442.33,446.88,440.4,466063,442.97200000000004,429.2165
2025-01-30,54586260.0,416.3876,418.77,414.99,422.86,413.16,1142723,436.628,428.7245
2025-01-31,34223388.0,416.8028,418.98,415.06,420.69,414.91,567270,430.828,428.4025
2025-02-03,25679149.0,411.9189,411.6,410.92,415.41,408.66,505730,426.1,428.0195
2025-02-04,20532096.0,412.0535,412.685,412.37,413.9199,409.74,354122,419.134,427.4705
2025-02-05,16336188.0,412.5466,412.35,413.29,413.827,410.4,311862,413.326,426.7425
2025-02-06,16309755.0,416.0424,414.0,415.82,418.2,414.0,289458,413.492,426.4150000000001
2025-02-07,22886844.0,411.3369,416.48,409.75,418.65,408.1,437552,412.43,425.67449999999997
2025-02-10,20817919.0,412.7279,413.71,412.22,415.4624,410.92,291373,412.69000000000005,425.338
2025-02-11,18140592.0,411.1454,409.64,411.44,412.49,409.3,242310,412.504,425.0505
2025-02-12,19121734.0,408.8347,407.21,409.04,410.75,404.3673,328185,411.654,424.71900000000005
2025-02-13,23891731.0,409.5178,407.0,410.54,411.0,406.36,327103,410.59800000000007,423.93050000000005
2025-02-14,22758464.0,407.6562,407.79,408.43,408.91,405.88,366188,410.334,423.12300000000005
2025-02-18,21423051.0,408.9786,408.0,409.64,410.597,406.5,342340,409.81800000000004,422.1535
2025-02-19,24114197.0,412.2135,407.88,414.77,415.49,407.65,372874,410.48400000000004,421.467
2025-02-20,23508728.0,416.3504,415.29,416.13,419.31,412.54,395746,411.90200000000004,419.9635
2025-02-21,27524799.0,411.4857,417.335,408.21,418.048,407.89,385141,411.43600000000004,418.0385
2025-02-24,26443656.0,403.4592,408.51,404.0,409.37,399.32,514485,410.55,416.03549999999996
2025-02-25,29387402.0,398.9023,401.1,397.9,401.915,396.7,492990,408.20199999999994,414.2025
2025-02-26,19618954.0,399.6276,398.01,399.73,403.6,394.245,327110,405.19399999999996,411.829
2025-02-27,21127406.0,396.2031,401.265,392.53,405.74,392.17,377155,400.474,409.339
2025-02-28,32845658.0,393.978,392.655,396.99,397.63,386.57,432229,398.23,408.43899999999996
2025-03-03,23007726.0,391.4831,398.82,388.49,398.82,386.155,451463,395.128,407.1105
2025-03-04,29342923.0,386.7008,383.4,388.61,392.58,381.0,553952,393.27,405.995
2025-03-05,23433132.0,397.0442,389.34,401.02,401.67,388.81,404519,393.52799999999996,405.42749999999995
2025-03-06,23304625.0,397.2225,394.28,396.89,402.15,392.6777,393757,394.4,404.60749999999996
2025-03-07,22034087.0,391.4953,392.32,393.31,394.8,385.54,407965,393.664,403.482
2025-03-10,32840134.0,381.0032,385.84,380.16,386.4,377.22,703151,391.99799999999993,402.0025
2025-03-11,30380177.0,381.3124,379.0,380.45,386.0,376.91,470076,390.366,400.414
2025-03-12,24253567.0,382.6306,382.95,383.27,385.2165,378.9507,418282,386.816,399.00550000000004
2025-03-13,20473017.0,379.9685,383.155,378.77,385.32,377.45,369783,383.192,397.492
2025-03-14,19952846.0,386.5971,379.775,388.56,390.23,379.51,335261,382.242,396.39300000000003
2025-03-17,22474272.0,388.9763,386.7,388.7,392.705,385.57,330043,383.95,395.4065
2025-03-18,19486850.0,383.4213,387.07,383.52,387.37,381.1,319254,384.56399999999996,394.10049999999995
2025-03-19,19185532.0,386.9789,385.525,387.82,389.68,384.0,259928,385.474,392.75300000000004
2025-03-20,18470542.0,387.128,385.735,386.84,391.785,383.28,277903,387.088,391.2885
2025-03-21,39675928.0,387.9617,383.215,391.26,391.74,382.8,312808,387.62800000000004,390.441
2025-03-24,21004548.0,392.7781,395.4,393.08,395.4,389.81,339161,388.504,389.895
2025-03-25,15774968.0,394.8219,393.915,395.16,396.36,392.64,262247,390.832,389.758
2025-03-26,16132906.0,391.4984,395.0,389.97,395.31,388.57,283679,391.26200000000006,389.27
2025-03-27,13766761.0,390.406,390.13,390.58,392.24,387.395,240016,392.01,389.1725
2025-03-28,21632016.0,380.4626,388.08,378.8,389.13,376.93,420396,389.518,388.26300000000003
2025-03-31,35184676.0,372.9851,372.535,375.39,377.07,367.24,509405,385.98,387.608
2025-04-01,19689503.0,380.0488,374.65,382.19,382.85,373.23,404620,383.38599999999997,387.287
2025-04-02,16092555.0,381.7201,377.965,382.14,385.08,376.62,320479,381.82,386.34299999999996
2025-04-03,30197997.0,373.8726,374.785,373.11,377.48,369.35,569672,378.326,385.154
2025-04-04,49209854.0,364.7524,364.125,359.84,374.59,359.48,811766,374.534,383.4805
2025-04-07,50424998.0,356.0197,350.88,357.86,370.9999,344.79,911613,371.02799999999996,382.3655
2025-04-08,35868918.0,361.4573,368.255,354.56,373.65,350.25,627042,365.50199999999995,381.071
2025-04-09,50199696.0,379.0287,353.535,390.49,393.225,353.1,767323,367.172,381.43199999999996
2025-04-10,38024368.0,378.8984,382.06,381.35,383.9,367.8,576388,368.82,381.56100000000004
2025-04-11,23839220.0,386.4611,380.635,388.45,390.05,378.89,375874,374.54200000000003,381.5555
2025-04-14,19251172.0,388.9915,393.22,387.81,394.65,384.21,334136,380.53200000000004,381.51099999999997
2025-04-15,17199890.0,386.9027,388.505,385.73,391.89,384.1599,272411,386.76599999999996,381.6215
2025-04-16,21967826.0,373.9272,380.67,371.61,381.61,368.0,375761,382.99000000000007,380.811
2025-04-17,21120192.0,370.1449,373.745,367.78,374.3215,366.89,310300,380.276,379.85800000000006
2025-04-21,20807279.0,359.2345,362.815,359.12,364.48,355.67,343817,374.40999999999997,378.25100000000003
2025-04-22,19484993.0,365.2278,363.375,366.82,367.77,359.8602,304006,370.212,376.938
2025-04-23,20545526.0,376.1582,376.06,374.39,380.39,373.02,335410,367.944,375.89950000000005
2025-04-24,22232289.0,385.1448,375.695,387.3,388.45,375.19,297801,371.082,375.76599999999996
2025-04-25,18973165.0,390.0006,387.0,391.85,392.16,384.6,276680,375.896,375.8295
2025-04-28,16579430.0,390.2477,391.955,391.16,392.74,386.638,274916,382.304,376.4475
2025-04-29,14973976.0,393.5949,391.3,394.04,395.1,390.38,249780,387.74800000000005,377.38
2025-04-30,36461075.0,397.3093,390.3,395.26,396.66,384.44,525137,391.922,378.0335
2025-05-01,58938100.0,430.3142,431.11,425.4,436.99,424.9,913598,399.54200000000003,380.1965
2025-05-02,30757434.0,435.5067,431.74,435.28,439.44,429.985,542335,408.228,383.305
2025-05-05,20136053.0,436.5349,432.87,436.17,439.5,432.11,328657,417.23,387.1215
2025-05-06,15104204.0,434.4002,432.2,433.31,437.73,431.17,297624,425.084,390.894
2025-05-07,23307241.0,433.8398,433.84,433.35,438.12,431.1103,330269,432.70199999999994,394.8335
2025-05-08,23491330.0,439.1835,437.93,438.17,443.67,435.66,380141,435.25600000000003,397.21750000000003
2025-05-09,15324233.0,438.262,440.0,438.73,440.74,435.88,247739,435.946,400.0865
2025-05-12,22821935.0,445.9953,445.94,449.26,449.37,439.78,417124,438.564,403.127
2025-05-13,23618819.0,448.6023,447.78,449.14,450.6733,445.36,406705,441.73,406.1935
2025-05-14,19902796.0,452.1864,448.14,452.94,453.9,448.14,378377,445.648,409.554
2025-05-15,21992323.0,453.4481,450.765,453.13,456.19,450.4301,364866,448.64,413.63
2025-05-16,23849781.0,452.1762,452.05,454.27,454.36,448.73,329065,451.74799999999993,417.9545
2025-05-19,21336509.0,457.5456,450.875,458.87,459.585,450.8,345933,453.66999999999996,422.942
2025-05-20,15441808.0,456.8226,455.59,458.17,458.34,454.3201,257266,455.476,427.5095
2025-05-21,19216906.0,454.3728,454.57,452.57,457.78,451.814,320670,455.40199999999993,431.41849999999994
2025-05-22,18025612.0,456.1561,454.95,454.86,460.25,453.9,334105,455.74799999999993,434.79650000000004
2025-05-23,16883509.0,451.0242,449.98,450.18,453.69,448.91,323259,454.93,437.713
2025-05-27,20974293.0,458.9856,456.48,460.69,460.95,456.115,362158,455.29400000000004,441.18950000000007
2025-05-28,17086261.0,458.5505,461.22,457.36,462.52,456.93,280126,455.13199999999995,444.35549999999995
2025-05-29,13982211.0,458.6283,461.55,458.68,461.72,455.3105,283780,456.354,447.52649999999994
2025-05-30,34770475.0,459.8626,459.715,460.36,461.68,455.54,339757,457.454,449.2745
2025-06-02,16626495.0,461.0693,457.14,461.97,462.11,456.89,289505,459.812,450.60900000000004
2025-06-03,15743760.0,462.6486,461.47,462.97,464.14,460.8622,306326,460.26800000000003,451.94900000000007
2025-06-04,14162688.0,464.2509,464.0,463.87,465.69,463.0201,275697,461.57,453.477
2025-06-05,20154460.0,467.4725,464.955,467.68,469.65,464.03,355702,463.37,455.19350000000003
2025-06-06,15285624.0,470.8644,470.085,470.38,473.335,468.78,357963,465.37399999999997,456.8040000000001
2025-06-09,16469932.0,471.8651,469.7,472.75,473.43,468.62,306173,467.53000000000003,458.50499999999994
2025-06-10,15375944.0,469.9769,471.185,470.92,472.8,466.96,306084,469.12,459.5879999999999
2025-06-11,16399176.0,473.0906,470.02,472.62,475.47,469.655,316703,470.87,460.762
2025-06-12,18950582.0,478.0711,475.02,478.87,480.415,473.52,351653,473.108,462.0585
2025-06-13,16814456.0,475.6248,476.41,474.96,479.18,472.76,354555,474.024,463.15
2025-06-16,15626104.0,479.043,475.21,479.14,480.6943,475.0,330452,475.302,464.39349999999996
2025-06-17,15414128.0,477.1437,475.395,478.04,478.7399,474.08,298756,476.726,465.35200000000003
2025-06-18,17526452.0,479.3813,478.0,480.24,481.0,474.46,310610,478.25,466.45550000000003
2025-06-20,37576206.0,479.1043,482.23,477.4,483.46,476.87,333231,477.95599999999996,467.697
2025-06-23,24863952.0,482.5493,478.21,486.0,487.75,472.51,472837,480.16399999999993,469.254
2025-06-24,22305642.0,490.0008,488.95,490.11,491.849,486.795,386695,482.358,471.2505
2025-06-25,17495099.0,492.1014,492.04,492.27,494.5556,489.39,339135,485.204,472.8295
2025-06-26,21578853.0,496.3673,492.98,497.45,498.04,492.81,406492,488.646,474.834
2025-06-27,34539236.0,496.4069,497.55,495.94,499.3,493.03,389784,492.354,476.697
2025-06-30,28368991.0,497.6606,497.04,497.41,500.76,495.33,382627,494.63599999999997,478.54949999999997
2025-07-01,19945375.0,493.4606,496.47,492.05,498.05,490.98,408997,495.024,480.0535
2025-07-02,16319641.0,491.1291,489.99,491.09,493.5,488.7,349990,494.788,481.45949999999993
2025-07-03,13984829.0,498.1538,493.81,498.84,500.13,493.44,284377,495.066,483.20799999999997
2025-07-07,13981605.0,497.3848,497.38,497.72,498.75,495.225,323380,495.422,484.71000000000004
2025-07-08,11846586.0,496.2544,497.24,496.62,498.2,494.11,263190,495.264,486.02199999999993
2025-07-09,18659538.0,502.6947,500.3,503.51,506.78,499.74,476934,497.5559999999999,487.55999999999995
2025-07-10,16498740.0,501.0552,503.05,501.48,504.44,497.75,352813,499.634,489.088
2025-07-11,16459512.0,502.7795,498.47,503.32,505.03,497.795,319261,500.53000000000003,490.62299999999993
2025-07-14,12058848.0,502.6866,501.515,503.02,503.97,501.03,292534,501.59,491.8304999999999
2025-07-15,14927202.0,506.0276,503.02,505.82,508.3,502.79,332086,503.43,493.3735
2025-07-16,15154374.0,504.8964,505.18,505.62,506.72,501.89,327015,503.852,494.69750000000005
2025-07-17,17503129.0,511.3536,505.68,511.7,513.37,505.62,402536,505.896,496.38050000000004
2025-07-18,21209666.0,510.8868,514.48,510.05,514.64,507.43,341243,507.242,497.871
2025-07-21,14066805.0,510.12,506.705,510.06,512.09,505.55,318000,508.65,499.504
2025-07-22,13868644.0,507.0212,510.97,505.27,511.2,505.27,293454,508.53999999999996,500.46750000000003
2025-07-23,16396585.0,504.2314,506.75,505.87,506.79,500.7,335122,508.59,501.25550000000004
2025-07-24,16107000.0,510.763,508.77,510.88,513.67,507.3,323765,508.42600000000004,502.186
2025-07-25,19125699.0,514.1993,512.465,513.71,518.29,510.3592,362742,509.158,502.99899999999997
2025-07-28,14308027.0,512.5033,514.08,512.5,515.0,510.12,329930,509.646,503.82700000000006
2025-07-29,16469235.0,513.3429,515.53,512.57,517.62,511.56,343983,511.10600000000005,504.58500000000004
2025-07-30,26380434.0,520.0145,515.17,513.24,515.95,509.435,517178,512.58,505.64450000000005
2025-07-31,51617326.0,537.9712,555.225,533.5,555.45,531.9,870710,517.104,507.76500000000004
2025-08-01,28977628.0,525.8586,535.0,524.11,535.8,520.86,623164,519.184,509.0285
2025-08-04,25349004.0,535.0885,528.27,535.64,538.25,528.13,499433,523.812,510.92449999999997
2025-08-05,19171569.0,531.2529,537.18,527.75,537.3,527.24,370263,526.848,512.481
2025-08-06,21355702.0,526.0351,530.9,524.94,531.7,524.03,409567,529.188,513.5525
2025-08-07,16079144.0,522.0946,526.8,520.84,528.09,517.5511,369305,526.6560000000001,514.5205
2025-08-08,15531009.0,521.9404,522.6,522.04,524.66,519.41,341360,526.242,515.4565
2025-08-11,20194372.0,522.8272,522.3,521.77,527.59,519.72,368513,523.4680000000001,516.394
2025-08-12,18688921.0,527.7602,523.75,529.24,530.98,522.7,374255,523.766,517.565
2025-08-13,19619160.0,524.4754,532.11,520.58,532.7,519.37,401693,522.894,518.313
2025-08-14,20269074.0,522.6974,522.56,522.48,525.9499,520.14,371263,523.222,518.852
2025-08-15,25213272.0,521.8961,522.77,520.17,526.1,519.08,363144,522.848,519.358
2025-08-18,23760583.0,516.9022,521.585,517.1,522.82,514.02,508489,521.914,519.71
2025-08-19,21481016.0,510.4798,515.0,509.77,515.1641,508.55,454138,518.02,519.9350000000001
2025-08-20,27723025.0,506.4212,509.865,505.72,511.0,504.44,524148,515.048,519.9275
2025-08-21,18443254.0,505.0111,503.69,504.24,507.63,502.7201,361026,511.4,519.5955
2025-08-22,24324161.0,507.5152,504.25,507.23,510.73,502.41,449235,508.812,519.2715000000001
2025-08-25,21638579.0,505.8822,506.63,504.26,508.19,504.12,372385,506.244,518.8595
2025-08-26,30835709.0,501.6215,504.355,502.04,504.9778,498.51,448740,504.69800000000004,518.333
2025-08-27,17277893.0,504.9565,502.0,506.74,507.29,499.9,330579,504.90199999999993,518.008
2025-08-28,18015593.0,508.788,507.09,509.64,511.09,505.5,322276,505.9820000000001,516.8149999999999
2025-08-29,20961569.0,507.1777,508.66,506.69,509.6,504.4915,342076,505.87399999999997,515.944
2025-09-02,18127995.0,503.0349,500.465,505.12,506.0,496.81,425061,506.046,514.418
2025-09-03,16345078.0,504.9437,503.79,505.35,507.79,502.32,404444,506.70799999999997,513.298
2025-09-04,15509486.0,506.8904,504.3,507.97,508.15,503.15,296435,506.954,512.4495
2025-09-05,31994846.0,496.8246,509.07,495.0,511.97,492.37,660360,504.026,511.1575000000001
2025-09-08,16771015.0,498.6345,498.105,498.2,501.195,495.03,398106,502.328,509.96549999999996
2025-09-09,14410542.0,499.2582,501.43,498.41,502.25,497.7,321802,500.98600000000005,508.79749999999996
2025-09-10,21611816.0,500.5297,502.98,500.37,503.2299,496.72,472577,499.98999999999995,507.354
2025-09-11,18881608.0,501.4612,502.25,501.01,503.17,497.88,392932,498.59799999999996,506.3755
2025-09-12,23624884.0,509.6873,506.65,509.9,512.55,503.85,465040,501.578,505.7465
2025-09-15,17143786.0,513.0943,508.79,515.36,515.47,507.0,384566,505.01000000000005,505.50600000000003
2025-09-16,19711922.0,511.2843,516.88,509.04,517.23,508.6,430883,507.1360000000001,505.10299999999995
2025-09-17,15816585.0,508.9381,510.62,510.02,511.29,505.93,370584,509.066,505.1155
2025-09-18,18913696.0,509.2176,511.49,508.45,513.07,507.66,387558,510.554,505.25200000000007
2025-09-19,52474093.0,515.2262,510.56,517.93,519.3,510.31,435875,512.16,505.93649999999997
2025-09-22,20009314.0,514.6125,515.59,514.45,517.74,512.545,462914,511.97799999999995,506.2975
2025-09-23,19799580.0,510.0672,513.8,509.23,514.5899,507.31,411011,512.016,506.546
2025-09-24,13533711.0,509.4699,510.38,510.15,512.48,506.92,325738,512.042,506.95149999999995
2025-09-25,15786468.0,507.4554,508.3,507.03,510.01,505.04,378180,511.758,506.966
2025-09-26,16213129.0,510.4715,510.06,511.46,513.94,506.62,362718,510.46399999999994,507.0570000000001
2025-09-29,17617775.0,514.4514,511.5,514.6,516.845,508.88,388795,510.494,507.4525
2025-09-30,19728229.0,516.2137,513.24,517.95,518.16,509.66,414800,512.238,508.09399999999994
2025-10-01,22632336.0,517.2994,514.8,519.71,520.505,511.69,466544,514.15,508.81200000000007
2025-10-02,21222886.0,515.8554,517.64,515.74,521.6,510.6791,510060,515.892,509.20050000000003
2025-10-03,15112321.0,518.0515,517.1,517.35,520.49,515.0,415120,517.07,510.3179999999999
2025-10-06,21388581.0,526.5819,518.61,528.57,531.03,518.2,562823,519.8639999999999,511.83650000000006
2025-10-07,14615208.0,524.469,528.285,523.98,529.8,521.44,451279,521.07,513.115
2025-10-08,13363447.0,524.8448,523.28,524.85,526.95,523.09,320113,522.0980000000001,514.339
2025-10-09,18343602.0,520.935,522.335,522.4,524.325,517.4,483528,523.43,515.4085
2025-10-10,24133840.0,514.479,519.64,510.96,523.58,509.63,602518,522.1519999999999,515.4615
2025-10-13,14284238.0,513.9885,516.41,514.05,516.41,511.68,447647,519.2479999999999,515.396
2025-10-14,14684300.0,511.9895,510.225,513.57,515.282,506.0,397821,517.166,515.6225000000001
2025-10-15,14694654.0,514.0831,514.955,513.43,517.19,510.0,398565,514.882,515.793
2025-10-16,15559565.0,511.9437,512.58,511.61,516.85,508.13,399531,512.724,515.9509999999999
2025-10-17,19867765.0,512.1337,509.04,513.58,515.48,507.31,391423,513.248,515.7335
2025-10-20,14665620.0,516.6209,514.61,516.79,518.7,513.43,376013,513.796,515.8505
2025-10-21,15586204.0,516.4935,517.5,517.66,518.69,513.04,384136,514.6139999999999,516.272
2025-10-22,18962694.0,521.5607,521.15,520.54,525.23,517.71,469076,516.036,516.7915
2025-10-23,14023532.0,521.6706,522.46,520.56,523.95,518.61,355990,517.8259999999999,517.4680000000001
2025-10-24,15532260.0,523.7012,522.79,523.61,525.345,520.71,387994,519.832,518.0754999999999
2025-10-27,18734716.0,531.9508,531.78,531.52,534.58,529.01,504266,522.778,518.9215
2025-10-28,29986683.0,544.7337,550.0,542.07,553.72,540.77,748563,527.6600000000001,520.1274999999999
2025-10-29,36023004.0,537.0698,544.94,541.55,546.27,536.7287,876833,531.862,521.2195
2025-10-30,41023088.0,527.0731,530.48,525.76,534.97,522.12,978101,532.902,521.7205
2025-10-31,34006324.0,518.6618,528.875,517.81,529.32,515.1,809499,531.742,521.7435
