date,Volume,VWAP,Open,Close,High,Low,Trades,MA_Short,MA_Long
2023-12-29,62079185.0,148.7663,149.5,147.41,151.05,147.2,430312,,
2024-01-02,64902029.0,139.6752,144.28,138.58,144.4,137.43,558982,,
2024-01-03,61988583.0,135.2871,135.71,135.32,137.43,133.7413,491380,,
2024-01-04,58610286.0,136.4357,134.3,136.01,137.7,134.0,421089,,
2024-01-05,69657676.0,139.0252,136.78,138.58,141.01,136.4377,443633,139.18,
2024-01-08,71756913.0,144.8903,140.36,146.18,147.15,140.15,508715,138.93400000000003,
2024-01-09,67875666.0,148.0984,145.95,149.26,149.86,145.08,489981,141.07,
2024-01-10,56951243.0,148.2975,150.07,148.54,150.88,146.65,413271,143.714,
2024-01-11,62764597.0,146.8616,148.52,148.02,150.38,143.69,460051,146.11599999999999,
2024-01-12,48293089.0,146.5384,148.04,146.56,148.75,145.0,338848,147.71200000000002,
2024-01-16,112711434.0,156.6853,150.36,158.74,159.715,149.98,881877,150.224,
2024-01-17,104084985.0,157.9065,158.45,160.17,160.64,154.4,770014,152.406,
2024-01-18,131864888.0,163.1503,166.2,162.67,168.6,158.22,951913,155.232,
2024-01-19,140367915.0,168.3515,165.8,174.23,174.25,162.2,982893,160.474,
2024-01-22,122973822.0,168.2782,174.39,168.18,174.72,164.15,1000196,164.798,
2024-01-23,76830455.0,167.8756,166.5,168.42,169.6299,164.27,598013,166.73399999999998,
2024-01-24,125516387.0,177.4052,172.55,178.29,180.58,170.56,968835,170.358,
2024-01-25,127171448.0,181.234,183.41,180.33,184.92,177.63,1031686,173.89000000000001,
2024-01-26,107381172.0,177.7887,175.29,177.25,181.23,174.15,830791,174.494,
2024-01-29,89384452.0,176.4488,178.77,177.83,178.885,174.4,728174,176.42399999999998,157.0285
2024-01-30,122265677.0,173.1176,176.13,172.06,178.48,169.52,1063617,177.152,158.26100000000002
2024-01-31,133157264.0,167.1219,165.74,167.69,171.3,162.5602,1097272,175.032,159.71650000000002
2024-02-01,91576685.0,168.7462,169.27,170.48,171.14,165.86,681908,173.06199999999998,161.4745
2024-02-02,82134266.0,176.9154,173.79,177.66,179.0,173.05,754735,173.144,163.557
2024-02-05,76349244.0,174.689,179.09,174.23,180.01,171.11,625350,172.424,165.3395
2024-02-06,68854127.0,168.1424,173.15,167.88,173.88,165.5,618796,171.588,166.42450000000002
2024-02-07,53665418.0,170.4948,169.47,170.94,172.97,168.2,443334,172.238,167.50849999999997
2024-02-08,43385275.0,170.165,170.33,169.35,172.17,168.6,403893,172.012,168.549
2024-02-09,56375713.0,172.2819,171.0,172.48,175.1,168.6601,466068,170.97599999999997,169.772
2024-02-12,58177053.0,174.3909,172.68,171.91,177.405,170.67,548333,170.512,171.0395
2024-02-13,63071311.0,170.3399,167.94,171.54,173.17,164.3,601190,171.244,171.67950000000002
2024-02-14,57402522.0,176.4646,173.47,178.7,178.74,172.88,556501,172.796,172.606
2024-02-15,51126437.0,177.0949,179.14,176.76,180.5,175.26,474227,174.27799999999996,173.3105
2024-02-16,53940342.0,175.5961,177.45,173.87,180.3301,173.25,490114,174.55599999999998,173.2925
2024-02-20,66549992.0,165.0389,171.14,165.69,171.81,162.0,697006,173.31199999999998,173.168
2024-02-21,48774556.0,163.7694,162.74,164.29,164.9,161.81,483937,171.862,172.9615
2024-02-22,100684733.0,180.4102,173.2,181.86,183.83,172.0,958680,172.494,173.14000000000001
2024-02-23,69207367.0,177.5534,181.86,176.52,183.8,174.55,661272,172.446,172.9495
2024-02-26,45435093.0,176.7206,178.78,176.01,179.84,174.81,437287,172.874,172.8875
2024-02-27,43665241.0,176.7669,175.92,178.0,178.46,172.49,417003,175.33599999999998,172.896
2024-02-28,35914414.0,175.6345,176.25,176.54,176.84,173.59,354430,177.786,173.11999999999998
2024-02-29,105538483.0,188.059,179.82,192.53,193.0,179.82,938546,179.92000000000002,174.362
2024-03-01,103820773.0,199.7643,197.91,202.64,202.72,195.42,961935,185.144,175.96999999999997
2024-03-04,86835338.0,207.6804,205.16,205.36,211.01,203.5,836663,191.014,177.355
2024-03-05,65407112.0,202.4287,200.5,205.13,205.33,199.15,664027,196.44,178.9
2024-03-06,86686987.0,210.8289,210.43,210.63,214.8109,207.32,776247,203.258,181.03749999999997
2024-03-07,63869038.0,211.0922,212.52,211.38,213.83,208.22,620517,207.02799999999996,183.0595
2024-03-08,120815222.0,214.2766,213.41,207.39,227.3,205.6,1110430,207.97799999999998,184.96149999999997
2024-03-11,73098616.0,199.8563,203.01,198.39,203.55,196.701,778013,206.58399999999997,186.257
2024-03-12,68951657.0,199.9399,200.52,202.76,202.8499,194.27,664420,206.10999999999999,187.7995
2024-03-13,70526879.0,195.2101,198.73,194.79,198.83,192.7001,703703,202.94199999999998,188.962
2024-03-14,84490526.0,189.7564,192.92,187.06,196.93,184.03,757436,198.07799999999997,189.38
2024-03-15,95289509.0,191.1237,184.83,191.06,193.7999,184.48,726524,194.81199999999998,190.09499999999997
2024-03-18,59306865.0,191.244,193.285,190.65,193.5,188.05,537242,193.26399999999998,190.934
2024-03-19,83509459.0,180.5153,183.16,181.42,185.6127,177.3602,799656,188.996,191.7205
2024-03-20,81773114.0,178.0858,182.03,179.73,182.68,174.0,756119,185.98399999999998,192.4925
2024-03-21,75265596.0,180.7294,185.97,178.68,187.69,177.66,640844,184.308,192.3335
2024-03-22,57899071.0,178.0422,177.21,179.65,180.76,175.05,529751,182.026,192.48999999999998
2024-03-25,71935313.0,179.0314,172.9,178.63,182.8,172.0,637330,179.622,192.621
2024-03-26,65322445.0,179.4673,179.54,177.87,182.5983,176.33,566860,178.912,192.6145
2024-03-27,55685645.0,178.0349,179.96,179.59,181.23,175.4,469617,178.88400000000001,192.767
2024-03-28,57628614.0,181.2038,179.47,180.49,183.4,178.3,457671,179.246,192.165
2024-04-01,74299905.0,183.5875,180.1,183.34,187.24,179.9,582868,179.984,191.2
2024-04-02,61598817.0,176.8442,179.47,178.7,180.1,174.83,533494,179.998,189.86700000000002
2024-04-03,49835064.0,180.6832,177.54,180.77,182.05,176.7,426058,180.578,188.649
2024-04-04,88279957.0,173.6883,182.92,165.83,183.02,165.65,785553,177.826,186.40900000000002
2024-04-05,66080261.0,170.3162,168.1,170.42,172.69,165.58,587122,175.81199999999998,184.36100000000002
2024-04-08,43997546.0,169.6283,168.2,169.9,171.6599,166.82,423551,173.12400000000002,182.4865
2024-04-09,42927985.0,169.3961,170.21,170.78,171.6,167.29,399563,171.54000000000002,181.106
2024-04-10,59599958.0,166.5409,166.71,167.14,169.7752,164.0,560173,168.81400000000002,179.325
2024-04-11,48994531.0,169.3341,167.545,170.5,170.9499,166.5492,431701,169.748,178.1105
2024-04-12,63519643.0,163.4995,164.53,163.28,165.7,161.825,585381,168.32,176.9215
2024-04-15,61461150.0,161.5789,164.43,160.32,164.44,158.76,543834,166.404,175.38449999999997
2024-04-16,55302100.0,163.3187,162.28,163.46,164.8799,161.67,504427,164.94,174.025
2024-04-17,75908969.0,157.6974,163.97,154.02,164.45,153.88,646783,162.31599999999997,172.655
2024-04-18,52669816.0,155.0042,155.51,155.08,156.96,152.32,513832,159.232,171.4225
2024-04-19,71618197.0,149.1535,151.59,146.64,154.25,145.29,677663,155.904,169.8205
2024-04-22,49397034.0,147.8892,148.15,148.64,149.89,145.63,416789,153.568,168.27
2024-04-23,46051911.0,152.4182,151.65,152.27,153.495,150.35,401344,151.33,166.952
2024-04-24,43412550.0,152.9122,156.56,151.74,157.6598,150.63,407229,150.87400000000002,165.64550000000003
2024-04-25,41471423.0,152.6501,149.15,153.76,155.14,146.75,395813,150.60999999999999,164.35399999999998
2024-04-26,42510708.0,157.101,154.24,157.4,158.63,153.4252,406793,152.762,163.1995
2024-04-29,43478221.0,159.358,159.08,160.2,160.77,156.26,441481,155.074,162.0425
2024-04-30,60742834.0,159.0196,160.63,158.38,162.29,158.35,588508,156.296,161.0265
2024-05-01,89413168.0,145.9233,148.11,144.27,151.37,142.14,928448,154.802,159.20149999999998
2024-05-02,50034730.0,144.6629,145.51,146.16,147.62,141.155,498961,153.282,158.218
2024-05-03,49361081.0,149.4173,148.75,150.6,150.79,147.2384,430924,151.92199999999997,157.227
2024-05-06,44624546.0,155.0128,153.1,155.78,156.65,151.26,397315,151.038,156.52100000000002
2024-05-07,37374906.0,155.4397,156.32,154.43,157.7,153.66,345893,150.248,155.70350000000002
2024-05-08,28727963.0,153.7288,153.4,153.62,155.33,152.52,264758,152.118,155.0275
2024-05-09,33017962.0,152.336,153.13,152.39,154.092,150.61,291748,153.36399999999998,154.122
2024-05-10,37652770.0,152.957,154.2874,151.92,156.37,151.31,352707,153.62800000000001,153.554
2024-05-13,27859183.0,151.9796,151.28,150.56,153.33,150.4,289375,152.584,153.066
2024-05-14,31938277.0,151.9838,150.43,153.16,153.4879,148.78,316830,152.32999999999998,152.551
2024-05-15,43195901.0,157.7896,155.588,159.67,159.69,154.7,429503,153.54000000000002,152.83350000000002
2024-05-16,76726728.0,164.5259,160.92,162.62,168.06,159.9,655197,155.586,153.21049999999997
2024-05-17,65944362.0,165.5903,168.43,164.47,169.72,162.32,562946,158.09599999999998,154.102
2024-05-20,45618044.0,166.5043,165.55,166.33,168.49,164.47,409078,161.25,154.9865
2024-05-21,30005478.0,164.5183,164.0,164.66,165.83,163.1,310289,163.55,155.606
2024-05-22,47426719.0,166.6197,167.41,165.52,169.8148,163.86,444265,164.71999999999997,156.295
2024-05-23,91888841.0,163.5703,170.18,160.43,173.14,158.27,818274,164.282,156.6285
2024-05-24,54868646.0,165.3382,161.412,166.36,167.66,160.25,477097,164.66000000000003,157.07649999999998
2024-05-28,66495414.0,170.9832,169.42,171.61,174.55,164.96,590760,165.716,157.647
2024-05-29,56537503.0,165.4948,167.46,165.14,168.48,162.91,545832,165.812,157.98499999999999
2024-05-30,46479934.0,166.4572,167.9,166.75,168.7469,163.8,414781,166.058,159.109
2024-05-31,64331946.0,164.8824,166.65,166.9,169.5,160.07,513674,167.352,160.14600000000002
2024-06-03,59157590.0,164.6101,170.82,163.55,171.08,160.9101,601234,166.79000000000002,160.7935
2024-06-04,48157209.0,161.0079,162.84,159.99,164.83,158.8729,464192,164.466,161.004
2024-06-05,60519494.0,165.1318,162.07,166.17,167.12,161.38,543579,164.672,161.59099999999998
2024-06-06,47153676.0,166.998,165.46,166.78,169.51,163.86,454745,164.678,162.249
2024-06-07,44795998.0,167.6662,166.59,167.87,169.45,165.86,390769,164.872,163.023
2024-06-10,67575627.0,161.8637,162.48,160.34,165.55,159.61,664763,164.23,163.44400000000002
2024-06-11,40497092.0,158.7418,160.5,158.96,161.54,156.92,432781,164.024,163.864
2024-06-12,48325813.0,160.4478,160.32,160.24,162.24,158.62,472054,162.83800000000002,164.21800000000002
2024-06-13,44442511.0,159.4984,160.4,159.9,162.66,157.31,438697,161.46200000000002,164.2295
2024-06-14,34054023.0,159.3347,158.5,159.63,161.3399,157.61,349643,159.81400000000002,164.08
2024-06-17,44507742.0,156.7464,158.0,158.4,159.23,154.135,466561,159.426,163.7765
2024-06-18,51852033.0,154.9268,156.99,154.63,157.24,153.34,500906,158.56,163.1915
2024-06-20,93245732.0,162.4388,155.825,161.78,166.82,155.5,822602,158.868,163.0475
2024-06-21,61334699.0,161.0302,161.75,161.23,163.2,157.89,437513,159.134,162.83300000000003
2024-06-24,45954054.0,160.8874,159.75,160.25,163.4,158.19,424419,159.25799999999998,162.824
2024-06-25,40975277.0,158.7256,160.73,160.25,161.0,156.45,387552,159.628,162.5185
2024-06-26,36973440.0,157.7316,160.6,157.54,160.74,156.0,350609,160.20999999999998,161.815
2024-06-27,34018216.0,158.9457,157.18,159.47,160.61,156.81,322846,159.748,161.5315
2024-06-28,56204617.0,162.9725,160.23,162.21,166.45,159.41,456727,159.94400000000002,161.30450000000002
2024-07-01,50436691.0,156.3662,161.25,157.69,161.5068,153.64,531158,159.43200000000002,160.844
2024-07-02,57838610.0,160.9668,157.04,164.31,164.58,156.7,496457,160.244,160.882
2024-07-03,26980906.0,163.7978,164.2,163.9,165.26,162.51,268241,161.51600000000002,161.07750000000001
2024-07-05,61857052.0,170.8895,165.97,171.9,174.0396,165.68,594821,164.002,161.364
2024-07-08,60223422.0,176.1448,174.9,178.69,178.95,173.22,580297,167.298,161.9595
2024-07-09,43471169.0,176.9829,177.97,177.1,180.41,174.7,450560,171.18,162.421
2024-07-10,90246965.0,183.1197,179.99,183.96,187.28,177.8,760292,175.10999999999999,163.602
2024-07-11,59231412.0,181.6416,184.07,181.94,187.11,177.25,573706,178.71800000000002,164.751
2024-07-12,50827368.0,184.0856,182.015,181.61,186.99,179.69,499607,180.66000000000003,165.8195
2024-07-15,42202726.0,181.6543,184.45,179.83,185.5,178.54,460580,180.888,166.816
2024-07-16,40633058.0,176.7067,179.69,177.55,179.75,174.53,411713,180.978,167.712
2024-07-17,76954198.0,163.3368,169.8,159.43,169.8,159.37,921399,176.07200000000003,167.7635
2024-07-18,69420335.0,156.6714,163.41,155.77,163.41,153.2,738413,170.83800000000002,167.8205
2024-07-19,47513063.0,152.6567,154.86,151.58,155.81,150.62,519158,164.83200000000002,167.3105
2024-07-22,43912459.0,154.9745,154.23,155.87,156.7,152.545,420949,160.04000000000002,167.0425
2024-07-23,31950579.0,155.1252,154.95,154.0,157.05,153.8,338749,155.33,166.73
2024-07-24,49203120.0,147.8616,152.72,144.63,153.68,144.53,528623,152.37,165.949
2024-07-25,60578529.0,140.7771,144.07,138.32,144.75,136.81,642176,148.88,164.988
2024-07-26,49435825.0,139.9616,140.32,139.99,141.29,138.27,438215,146.56199999999998,164.014
2024-07-29,47447194.0,141.1355,141.19,139.75,144.585,138.75,410153,143.338,162.89100000000002
2024-07-30,68801709.0,139.0066,139.88,138.44,141.7,134.05,646329,140.226,161.9285
2024-07-31,114306763.0,146.2838,150.73,144.48,153.603,140.03,953574,140.196,160.937
2024-08-01,94731931.0,136.1942,145.0,132.54,147.29,130.24,877192,139.04000000000002,159.369
2024-08-02,78561997.0,134.074,133.5,132.5,137.1,131.33,802702,137.542,157.399
2024-08-05,76089361.0,133.6512,122.16,134.82,139.14,121.825,840778,136.55599999999998,155.2055
2024-08-06,64455613.0,131.9389,135.15,130.18,136.44,129.1,635606,134.904,152.8595
2024-08-07,54676492.0,132.4945,133.75,128.67,136.24,128.37,517600,131.742,150.095
2024-08-08,49037454.0,134.1135,131.97,136.32,136.48,128.94,462084,132.498,147.814
2024-08-09,40582992.0,134.0623,134.69,134.27,135.5,132.44,404209,132.852,145.447
2024-08-12,39724343.0,136.3338,134.44,136.77,137.99,133.23,347719,133.24200000000002,143.294
2024-08-13,42218019.0,140.0315,138.12,141.13,141.19,137.52,380874,135.432,141.473
2024-08-14,35506434.0,139.9616,143.0,140.75,143.25,137.64,334277,137.848,140.539
2024-08-15,43582387.0,146.022,143.0,147.36,147.96,141.81,406665,140.056,140.11849999999998
2024-08-16,31123927.0,148.1997,145.7,148.56,149.3693,145.2,295101,142.914,139.9675
2024-08-19,60766854.0,152.5528,148.43,155.28,155.365,147.72,544241,146.616,139.93800000000002
2024-08-20,76851158.0,157.6947,156.49,156.4,162.04,154.51,655896,149.67000000000002,140.058
2024-08-21,42791246.0,157.0995,156.12,157.81,158.65,155.07,366581,153.08200000000002,140.717
2024-08-22,45737257.0,154.3109,158.87,151.7,159.84,151.01,433802,153.95,141.386
2024-08-23,43694642.0,154.1593,153.6,154.98,156.4,151.83,388380,155.234,142.1355
2024-08-26,49893259.0,151.5733,154.7,149.99,158.28,148.9101,445073,154.176,142.64749999999998
2024-08-27,35102650.0,150.1563,150.13,150.5,151.7,148.44,334955,152.996,143.2505
2024-08-28,34075823.0,146.8213,149.4,146.36,150.43,144.72,361132,150.70600000000002,143.34449999999998
2024-08-29,31602113.0,147.1442,146.59,145.49,149.49,144.47,343370,149.464,143.99200000000002
2024-08-30,31169069.0,147.3766,147.52,148.56,148.99,145.25,286699,148.18,144.79500000000002
2024-09-03,42172672.0,139.6719,146.41,136.94,146.49,136.1,480897,145.57,144.901
2024-09-04,42130648.0,141.0585,140.505,140.87,143.37,138.51,431712,143.644,145.4355
2024-09-05,25023021.0,139.7089,138.2,139.44,141.71,137.83,285314,142.26,145.974
2024-09-06,39993507.0,134.4186,138.7,134.35,139.13,132.1101,448514,140.03199999999998,145.87550000000002
2024-09-09,27194508.0,137.0915,136.1,138.15,138.445,134.86,302327,137.95,146.0695
2024-09-10,37217528.0,140.4937,139.06,142.84,143.08,137.25,328017,139.13,146.373
2024-09-11,50935390.0,145.6596,145.325,149.86,150.16,140.71,469123,140.928,146.8095
2024-09-12,29286166.0,149.9874,148.43,150.77,151.54,147.65,320599,143.19400000000002,147.3105
2024-09-13,25117241.0,152.0694,152.32,152.31,153.03,150.7,270908,146.786,147.558
2024-09-16,27677761.0,152.2825,151.7,152.08,154.44,150.912,282916,149.57200000000003,147.734
2024-09-17,29888994.0,151.6658,153.55,150.82,154.045,149.225,306171,151.168,147.511
2024-09-18,26320083.0,149.9764,150.9,148.29,152.82,148.01,306478,150.85399999999998,147.10549999999998
2024-09-19,44499983.0,156.6613,153.81,156.74,159.25,152.77,449656,152.048,147.052
2024-09-20,40248201.0,154.9745,156.0,155.95,157.45,152.47,351443,152.776,147.2645
2024-09-23,21728542.0,156.2196,156.445,156.75,157.19,154.97,232838,153.70999999999998,147.353
2024-09-24,27531200.0,157.6292,157.46,158.32,159.64,154.58,295370,155.20999999999998,147.76950000000002
2024-09-25,35233264.0,161.3617,158.5,162.02,162.95,158.18,369277,157.956,148.34550000000002
2024-09-26,38044919.0,166.7543,167.055,167.49,168.68,164.05,434827,160.106,149.402
2024-09-27,27876037.0,165.6216,167.48,164.35,168.7286,163.74,297735,161.786,150.345
2024-09-30,21920300.0,163.6701,163.1,164.08,165.08,162.18,252085,163.252,151.121
2024-10-01,31831860.0,160.4724,164.48,159.75,165.4,158.08,347496,163.538,152.2615
2024-10-02,24630431.0,160.8175,159.31,159.78,163.1,158.6689,278246,163.09,153.207
2024-10-03,29598787.0,163.592,159.71,162.85,166.7894,159.4,324908,162.162,154.3775
2024-10-04,44640296.0,168.5251,166.533,170.9,171.21,164.42,471616,163.472,156.20499999999998
2024-10-07,38379930.0,170.4073,171.08,170.97,172.41,168.21,415127,164.85,157.846
2024-10-08,34730152.0,172.0401,171.75,172.8,173.6,170.0,362414,167.45999999999998,159.344
2024-10-09,33890735.0,170.9848,174.05,171.02,174.05,169.55,366659,169.70800000000003,160.402
2024-10-10,75113590.0,165.9983,169.76,164.18,172.01,162.0,676642,169.974,161.07250000000002
2024-10-11,42136175.0,166.6025,164.185,167.89,169.35,163.0101,430673,169.372,161.85150000000002
2024-10-14,31757205.0,166.6214,167.77,165.27,168.9,165.15,336756,168.23200000000003,162.511
2024-10-15,50768024.0,158.1843,163.21,156.64,164.13,155.74,607839,165.0,162.802
2024-10-16,30575773.0,156.5492,158.075,156.13,158.28,154.9159,324511,162.022,163.19400000000002
2024-10-17,29491853.0,157.8378,160.0,156.25,160.44,156.2,319487,160.436,163.1695
2024-10-18,23822985.0,156.3889,157.41,155.97,158.01,155.56,247105,158.052,163.1705
2024-10-21,25781212.0,156.3881,155.76,157.9,158.0,154.15,274907,156.57800000000003,163.228
2024-10-22,34997352.0,153.7379,156.6,154.09,156.74,151.91,377254,156.06799999999998,163.0165
2024-10-23,26095933.0,152.264,153.0,152.91,153.445,150.52,298394,155.42400000000004,162.56099999999998
2024-10-24,22877016.0,153.6835,154.74,153.44,155.19,152.35,265847,154.86200000000002,161.8585
2024-10-25,29758489.0,157.1226,155.4,156.23,158.91,155.05,318365,154.91400000000002,161.4525
2024-10-28,36010134.0,159.2244,158.5,159.92,160.28,157.045,352125,155.318,161.2445
2024-10-29,71896038.0,162.753,161.1,166.25,167.5099,158.94,697750,157.75,161.5695
2024-10-30,87701674.0,150.1672,153.01,148.6,153.12,148.1,968062,156.88799999999998,161.0105
2024-10-31,44386597.0,144.7927,147.8,144.07,148.68,143.33,550029,155.01399999999998,160.0715
2024-11-01,39027430.0,142.4341,144.44,141.86,144.54,141.32,430158,152.14,158.61950000000002
2024-11-04,29117421.0,141.5657,141.7,140.71,143.64,139.72,330593,148.298,157.1065
2024-11-05,27067330.0,141.762,141.94,141.66,143.08,140.8,282585,143.38,155.54950000000002
2024-11-06,32911499.0,144.0214,144.95,145.1,145.625,141.52,376479,142.68,154.2535
2024-11-07,30326430.0,148.7713,146.68,149.82,150.12,145.66,372355,143.83,153.5355
2024-11-08,27560342.0,148.7767,149.39,147.95,150.71,147.525,319319,145.048,152.5385
2024-11-11,29868125.0,146.5716,147.38,147.35,148.57,144.91,344335,146.376,151.64249999999998
2024-11-12,33560287.0,143.963,147.0,143.63,147.45,141.5501,371677,146.77,150.99200000000002
2024-11-13,35146648.0,141.0207,142.86,139.3,144.49,139.07,402440,145.60999999999999,150.15050000000002
2024-11-14,31681410.0,139.5979,140.34,138.84,141.4,138.56,328265,143.41400000000002,149.28
2024-11-15,44217530.0,135.3227,136.575,134.9,137.35,133.65,471782,140.804,148.2265
2024-11-18,38782434.0,139.3605,138.185,138.93,140.9,137.21,371770,139.12,147.278
2024-11-19,23131352.0,138.6499,137.41,139.39,139.75,137.14,254143,138.272,146.543
2024-11-20,28843065.0,137.1438,138.96,137.6,140.77,135.48,317229,137.93200000000002,145.7775
2024-11-21,29311442.0,137.2461,138.87,137.49,140.2799,134.93,344816,137.66199999999998,144.98
2024-11-22,21784728.0,138.142,137.35,138.35,139.13,137.04,248916,138.352,144.086
2024-11-25,30923110.0,140.8707,140.49,141.13,142.35,139.05,350967,138.79199999999997,143.1465
2024-11-26,32092378.0,138.1219,142.55,137.72,142.8,136.62,366875,138.458,141.72
2024-11-27,30175287.0,135.0403,137.2,136.24,137.94,132.96,363766,138.186,141.102
2024-11-29,16085714.0,137.5112,136.24,137.175,138.5876,135.78,189516,138.123,140.75725
2024-12-02,33102438.0,141.26,137.915,142.06,142.82,137.8,369555,138.865,140.76725
2024-12-03,22665348.0,142.06,142.58,141.98,143.4495,141.0801,282886,139.03500000000003,140.83075000000002
2024-12-04,25942650.0,142.8298,142.96,143.99,144.12,141.18,291119,140.28900000000002,140.94725
2024-12-05,29576925.0,141.887,143.68,141.36,143.95,140.38,317577,141.31300000000002,140.76024999999998
2024-12-06,33576839.0,139.9336,141.48,138.59,142.7852,137.4,375340,141.596,140.19875
2024-12-09,57055558.0,132.259,135.71,130.87,135.77,130.0,712825,139.358,139.34475
2024-12-10,38907198.0,128.7683,131.56,127.74,131.56,127.07,526889,136.51,138.36425000000003
2024-12-11,45588138.0,128.9888,128.52,130.15,131.21,126.2201,492613,133.74200000000002,137.69025
2024-12-12,34267091.0,130.4944,130.0,130.6,132.32,129.07,383301,131.58999999999997,137.25525
2024-12-13,67544738.0,126.9142,131.3,126.91,131.3,124.77,737018,129.254,136.65875
2024-12-16,42090277.0,126.0293,126.01,126.69,127.76,123.12,498181,128.418,136.24825
2024-12-17,43314939.0,124.8995,124.45,125.02,127.08,123.15,486854,127.874,135.55275
2024-12-18,49724442.0,124.6107,125.43,121.41,127.75,120.43,514302,126.126,134.65375
2024-12-19,46160667.0,120.0185,122.16,118.88,123.38,118.45,553012,123.782,133.71775
2024-12-20,53591212.0,119.6672,118.0,119.21,121.86,117.9,451397,122.242,132.80375
2024-12-23,47777898.0,124.4619,120.71,124.6,126.3387,120.47,489983,121.824,132.11624999999998
2024-12-24,24829564.0,125.9086,127.51,126.29,127.51,124.66,267644,122.078,131.37425000000002
2024-12-26,25139138.0,125.8006,125.52,125.06,127.2999,125.05,265746,122.80799999999999,130.74124999999998
2024-12-27,32924011.0,124.5419,124.37,125.19,126.18,122.26,350551,124.07000000000001,130.18875
2024-12-30,30501637.0,122.9991,123.562,122.44,124.1,122.35,335514,124.71600000000001,129.452
2024-12-31,30203428.0,121.3885,123.1,120.79,123.55,120.138,340483,123.954,128.3885
2025-01-02,34256182.0,121.1728,122.29,120.63,123.14,119.44,368989,122.822,127.321
2025-01-03,36785299.0,123.9453,121.65,125.37,125.56,121.42,363394,122.88400000000001,126.39000000000001
2025-01-06,48020190.0,129.4789,129.07,129.55,130.73,127.36,511143,123.756,125.79950000000001
2025-01-07,39220408.0,128.6585,130.51,127.33,131.71,126.8537,401430,124.73400000000001,125.2365
2025-01-08,46723136.0,121.9738,124.51,121.84,125.3,120.1201,518866,124.944,124.785
2025-01-10,59415614.0,115.9033,118.18,116.04,118.71,114.4501,718055,124.026,124.2
2025-01-13,39128897.0,116.1045,115.28,117.32,117.48,114.41,410944,122.41600000000001,123.55850000000001
2025-01-14,37005279.0,115.9824,118.0,116.09,118.66,114.5,416157,119.724,122.833
2025-01-15,38185819.0,119.2675,117.55,119.96,120.42,117.46,356624,118.25,122.4855
2025-01-16,29414126.0,119.0968,120.24,118.44,121.09,118.25,314732,117.57000000000001,122.07300000000001
2025-01-17,35765924.0,121.3521,120.78,121.46,122.74,120.55,322522,118.654,121.89500000000001
2025-01-21,31578832.0,122.5643,122.39,122.28,123.75,121.1201,331121,119.646,121.9385
2025-01-22,35023842.0,123.9431,123.08,123.75,125.65,121.912,352891,121.178,122.18199999999999
2025-01-23,24921108.0,122.8016,121.425,123.04,123.71,120.63,263828,121.79400000000001,122.37349999999999
2025-01-24,31570300.0,123.3828,124.55,122.84,125.25,122.23,310238,122.674,122.2855
2025-01-27,61067888.0,115.5826,117.8,115.01,118.08,112.8,783173,121.38399999999999,121.72149999999999
2025-01-28,40554760.0,114.2035,115.175,114.17,116.15,112.95,462759,119.76200000000001,121.17699999999999
2025-01-29,40199052.0,117.0723,115.77,117.35,118.52,114.96,405513,118.482,120.785
2025-01-30,29788383.0,118.6694,118.53,118.86,120.44,117.09,326024,117.646,120.606
2025-01-31,40533565.0,117.3968,119.14,115.95,119.565,115.33,448246,116.268,120.364
2025-02-03,34586051.0,114.1297,113.875,114.27,115.16,112.98,400036,116.12,120.046
2025-02-04,69412094.0,116.4252,115.45,119.5,119.85,114.79,756567,117.186,119.75250000000001
2025-02-05,110609343.0,109.1885,107.61,112.01,112.09,106.5,1059265,116.11800000000001,118.87549999999999
2025-02-06,50426590.0,110.1779,110.93,110.16,112.56,109.02,481866,114.378,118.01699999999998
2025-02-07,46082499.0,107.9084,109.13,107.56,109.92,106.79,476531,112.7,117.30300000000003
2025-02-10,34905359.0,110.2547,108.44,110.48,111.4,108.15,367513,111.94200000000001,117.025
2025-02-11,35033759.0,111.4146,108.98,111.1,113.07,108.94,311400,110.26199999999999,116.71400000000001
2025-02-12,25319729.0,110.6601,109.52,111.72,111.8356,109.0649,272668,110.204,116.49549999999999
2025-02-13,40911804.0,112.4071,112.0,111.81,114.6,110.4,415424,110.53399999999999,116.088
2025-02-14,32477159.0,113.1674,112.65,113.1,114.63,111.7,325369,111.64200000000001,115.821
2025-02-18,31720307.0,114.1377,114.05,114.28,115.55,113.45,352042,112.402,115.46199999999999
2025-02-19,28807709.0,114.7797,114.245,114.69,116.11,113.14,290828,113.12,115.08250000000001
2025-02-20,27219565.0,114.2168,115.01,114.17,116.55,113.105,294033,113.60999999999999,114.60350000000001
2025-02-21,41353683.0,112.2542,114.845,110.84,115.76,110.43,403218,113.41600000000001,113.9935
2025-02-24,29072208.0,109.136,111.49,108.11,111.6,107.98,338033,112.418,113.25699999999999
2025-02-25,39169161.0,105.4423,107.885,103.96,108.64,103.62,474390,110.354,112.70450000000001
2025-02-26,29178213.0,104.8109,104.945,104.74,105.7999,103.99,326298,108.36399999999999,112.23300000000002
2025-02-27,47263727.0,101.7578,105.08,99.51,105.76,99.5,479056,105.43199999999999,111.34100000000001
2025-02-28,45194576.0,99.9487,99.56,99.86,101.8,98.69,435277,103.23599999999999,110.391
2025-03-03,38957988.0,99.5773,101.515,98.23,102.34,97.09,437596,101.25999999999999,109.505
2025-03-04,54156941.0,99.2778,96.0,100.75,103.18,95.89,552610,100.618,108.829
2025-03-05,27855488.0,100.6371,100.36,101.67,101.84,98.87,297610,100.004,107.9375
2025-03-06,28984978.0,99.31,99.05,98.85,101.08,98.27,333068,99.872,107.27950000000001
2025-03-07,33254367.0,98.9254,98.88,100.31,100.65,96.39,381051,99.96199999999999,106.78699999999999
2025-03-10,38733186.0,97.9136,98.57,96.63,101.29,95.83,435545,99.64200000000001,106.2405
2025-03-11,34078300.0,96.8548,96.79,96.76,98.1599,94.73,387306,98.84400000000001,105.5545
2025-03-12,34241287.0,100.2289,99.045,100.79,101.715,98.17,367548,98.668,105.03900000000002
2025-03-13,28575150.0,98.5644,99.715,98.11,100.07,97.27,304948,98.52,104.3585
2025-03-14,24715265.0,100.5117,99.64,100.97,101.22,99.58,266528,98.652,103.81649999999999
2025-03-17,43689523.0,104.9861,102.6,104.59,106.15,102.6,419910,100.244,103.391
2025-03-18,27152827.0,103.6634,103.85,103.51,104.55,102.97,285121,101.59400000000001,102.8525
2025-03-19,32287496.0,105.3,104.42,106.23,107.9,101.96,334183,102.68200000000002,102.4295
2025-03-20,26871839.0,107.0698,105.12,107.14,108.26,105.12,267192,104.48800000000001,102.078
2025-03-21,30767938.0,105.9975,105.33,106.44,107.25,104.33,243487,105.582,101.858
2025-03-24,53342002.0,112.9721,109.73,113.85,114.85,109.4,513469,107.43400000000001,102.14500000000001
2025-03-25,29077507.0,113.7354,113.265,114.81,114.95,112.71,321369,109.694,102.6875
2025-03-26,39976485.0,111.0414,114.11,110.19,115.8999,108.68,421638,110.48600000000002,102.96
2025-03-27,32773714.0,106.5082,106.11,106.65,107.62,105.5499,350650,110.388,103.31700000000001
2025-03-28,31069114.0,103.6881,105.525,103.22,106.51,102.48,331140,109.744,103.48499999999999
2025-03-31,30865342.0,101.4999,100.235,102.74,102.82,98.8,314093,107.522,103.7105
2025-04-01,23523230.0,102.0126,102.16,102.78,102.83,100.93,271184,105.11600000000001,103.81199999999998
2025-04-02,20793989.0,102.7047,101.52,102.96,104.185,100.76,256447,103.67,103.87650000000001
2025-04-03,50472542.0,95.8585,97.79,93.8,99.4499,93.64,608991,101.1,103.624
2025-04-04,65847021.0,86.8685,90.1,85.76,91.08,83.67,790926,97.60799999999999,102.89649999999999
2025-04-07,70515429.0,82.7718,80.68,83.64,89.0,77.75,758490,93.788,102.247
2025-04-08,69910233.0,82.6789,86.145,78.21,88.93,76.48,766916,88.874,101.3195
2025-04-09,97827352.0,89.4159,79.22,96.84,97.91,78.87,988377,87.65,101.12199999999999
2025-04-10,65210565.0,88.6036,91.0,88.7,92.95,85.06,737793,86.63000000000001,100.6515
2025-04-11,57892600.0,92.6943,90.51,93.4,94.76,90.5,555963,88.15799999999999,100.273
2025-04-14,36002970.0,95.1989,97.11,94.5,97.3699,93.45,379579,90.33,99.7685
2025-04-15,28116536.0,95.1128,94.66,95.29,96.85,94.62,301253,93.74600000000001,99.3575
2025-04-16,62109016.0,88.3297,87.61,88.29,90.47,85.295,626257,92.036,98.4605
2025-04-17,34801437.0,87.5482,88.84,87.5,89.03,86.515,340531,91.796,97.4785
2025-04-21,33855392.0,84.8824,86.015,85.56,86.14,83.75,340590,90.22800000000001,96.43449999999999
2025-04-22,35236735.0,86.1087,86.12,86.26,87.17,85.17,327954,88.58000000000001,95.05499999999999
2025-04-23,41102589.0,91.6704,91.875,90.39,93.74,90.12,438171,87.6,93.834
2025-04-24,33681919.0,93.3236,91.59,94.47,94.75,90.37,329721,88.836,93.048
2025-04-25,28575343.0,95.3994,93.275,96.645,97.1,92.85,310342,90.66499999999999,92.54775
2025-04-28,30456683.0,95.9234,95.575,96.39,97.4865,94.27,254736,92.83099999999999,92.20625000000001
2025-04-29,20700637.0,96.3104,95.755,96.06,97.1767,95.33,208557,94.791,91.87225000000001
2025-04-30,29730729.0,95.5191,92.81,97.35,97.55,91.87,303502,96.183,91.60074999999999
2025-05-01,29591507.0,98.2353,99.265,96.65,100.1,96.45,302606,96.619,91.28525
2025-05-02,29957888.0,98.9406,98.4,98.8,99.88,98.3,317483,97.05,91.53524999999999
2025-05-05,41268886.0,100.86,99.0,100.59,102.05,98.76,396779,97.89000000000001,92.27674999999999
2025-05-06,54264254.0,99.6944,98.41,98.62,100.07,97.44,514178,98.402,93.02575
2025-05-07,86648749.0,99.4081,100.75,100.36,103.42,96.88,773279,99.00399999999999,94.13325
2025-05-08,54231362.0,103.2376,101.92,101.7,105.44,101.56,533416,100.01400000000001,94.37625
2025-05-09,31704261.0,102.5837,102.585,102.84,103.54,101.6,311200,100.822,95.08324999999999
2025-05-12,50543396.0,108.4997,110.415,108.12,110.667,106.98,519246,102.328,95.81925
2025-05-13,55659513.0,111.6386,109.6,112.46,113.1277,109.0,594345,105.096,96.71725
2025-05-14,86743700.0,118.6184,119.83,117.72,122.52,116.59,891371,108.56800000000001,97.83875
2025-05-15,43843235.0,115.5405,117.02,114.99,117.5,114.01,483465,111.226,99.17375000000001
2025-05-16,43419695.0,117.1582,118.07,117.17,118.24,116.01,429902,114.09200000000001,100.65725
2025-05-19,37737373.0,114.6761,115.015,114.74,115.53,114.06,356965,115.41599999999998,102.11625000000001
2025-05-20,29030815.0,113.3284,114.35,113.51,114.51,112.08,315045,115.626,103.47875000000002
2025-05-21,43594606.0,113.7153,113.85,112.06,116.1,111.09,449360,114.494,104.56224999999999
2025-05-22,29251957.0,111.6912,111.9,110.71,112.64,110.61,327015,113.63799999999999,105.37425
2025-05-23,30867274.0,109.6543,108.085,110.31,111.015,107.6671,344598,112.266,106.0575
2025-05-27,37885019.0,114.5142,113.175,114.56,115.395,112.27,382436,112.22999999999999,106.96599999999998
2025-05-28,27483741.0,113.7927,114.915,112.86,114.948,112.66,293858,112.1,107.806
2025-05-29,30572131.0,113.6712,115.485,113.03,115.54,112.13,365961,112.29400000000001,108.59
2025-05-30,36088472.0,110.5599,111.584,110.73,112.11,108.6154,376641,112.298,109.29400000000001
2025-06-02,34078358.0,113.543,111.06,114.63,114.86,111.01,373506,113.162,110.08549999999998
2025-06-03,37161484.0,116.4381,114.5,117.31,117.68,113.28,406372,113.71199999999999,110.92150000000001
2025-06-04,31024986.0,118.077,117.41,118.58,119.295,115.73,359856,114.856,111.91950000000001
2025-06-05,34182902.0,116.8187,118.95,115.69,119.2448,114.71,372391,115.38799999999999,112.686
2025-06-06,27042083.0,116.8215,117.685,116.19,118.38,115.88,282956,116.47999999999999,113.41049999999998
2025-06-09,55437652.0,120.86,119.18,121.73,122.3699,119.04,552291,117.9,114.35499999999999
2025-06-10,41691908.0,122.8029,121.105,123.24,124.09,120.8,448050,119.08600000000001,115.11099999999999
2025-06-11,32261863.0,121.8755,124.44,121.14,124.47,119.88,377745,119.598,115.545
2025-06-12,44718365.0,119.8189,120.615,118.5,122.25,118.03,456336,120.16,115.58399999999999
2025-06-13,39702742.0,116.3176,116.045,116.16,117.883,115.06,434268,120.154,115.64250000000001
2025-06-16,100968478.0,125.7663,118.635,126.39,128.1393,117.78,942953,121.08599999999998,116.10350000000001
2025-06-17,86623910.0,128.2668,127.93,127.1,130.7,126.58,831321,121.85799999999999,116.72149999999999
2025-06-18,49627112.0,127.434,128.01,126.79,129.21,125.77,518779,122.98800000000001,117.38550000000001
2025-06-20,79930980.0,129.5649,129.0,128.24,132.805,127.55,693952,124.936,118.19450000000002
2025-06-23,65152874.0,130.249,130.47,129.58,133.25,126.82,651491,127.62,119.138
2025-06-24,78571997.0,136.713,133.43,138.43,138.79,132.93,761762,130.02800000000002,120.54400000000001
2025-06-25,74607219.0,142.212,140.94,143.4,144.18,139.46,773185,133.288,121.98600000000002
2025-06-26,58180081.0,143.647,145.97,143.68,146.0,141.91,612309,136.666,123.527
2025-06-27,61937853.0,144.4842,144.18,143.81,147.7504,141.63,581165,139.78000000000003,125.06599999999999
2025-06-30,42972468.0,142.3847,144.0,141.9,146.0,141.01,457321,142.244,126.62449999999998
2025-07-01,55257237.0,137.207,138.77,136.11,140.23,135.1202,631331,141.78,127.69850000000001
2025-07-02,39227986.0,137.8989,135.53,138.52,139.78,135.22,425890,140.804,128.759
2025-07-03,28645993.0,138.2883,139.11,137.91,139.5,137.32,306769,139.65,129.72549999999998
2025-07-07,37395010.0,135.0588,136.56,134.8,137.44,133.5,443261,137.848,130.68099999999998
2025-07-08,36124612.0,137.7492,137.32,137.82,139.15,135.91,386432,137.032,131.76250000000002
2025-07-09,37013130.0,138.8958,138.69,138.41,140.65,137.59,380133,137.49200000000002,132.59650000000002
2025-07-10,61101465.0,143.8763,143.0,144.16,145.82,141.85,670211,138.62,133.64249999999998
2025-07-11,50049179.0,145.3131,142.6,146.42,147.4,141.6,496179,140.322,134.9065
2025-07-14,44718554.0,145.4305,145.09,146.24,147.58,141.9,462647,142.60999999999999,136.29350000000002
2025-07-15,93370081.0,155.8008,153.75,155.61,158.68,153.56,974896,146.168,138.266
2025-07-16,59492760.0,156.6148,155.31,160.08,160.36,152.85,645660,150.502,139.9505
2025-07-17,50605117.0,159.9149,161.81,160.41,161.96,158.68,560675,153.752,141.616
2025-07-18,48859835.0,158.1068,159.59,156.99,160.83,155.81,513367,155.866,143.126
2025-07-21,39021130.0,158.4018,157.62,157.0,160.34,156.92,423724,158.018,144.564
2025-07-22,49028017.0,153.1534,156.2,154.72,156.2291,149.34,534242,157.84,145.821
2025-07-23,41510896.0,157.8799,156.315,158.65,159.4485,156.0,430312,157.554,146.83200000000002
2025-07-24,48440112.0,161.7478,159.12,162.12,163.93,158.36,504113,157.89600000000002,147.768
2025-07-25,53432260.0,165.7137,163.505,166.47,167.175,162.36,530022,159.792,148.9075
2025-07-28,68267835.0,172.8677,169.08,173.66,174.7,168.67,707666,163.124,150.40000000000003
2025-07-29,108154838.0,178.756,175.205,177.44,182.31,174.68,1007731,167.668,152.177
2025-07-30,64820291.0,178.6299,175.605,179.51,180.37,173.8,633223,171.84,154.347
2025-07-31,71765285.0,178.7851,182.015,176.31,182.5,173.0,777410,174.678,156.2365
2025-08-01,75396130.0,170.9863,170.16,171.7,174.4,166.82,895310,175.724,157.926
2025-08-04,52951044.0,176.5473,174.605,176.78,177.86,173.56,624073,176.348,160.025
2025-08-05,88808520.0,174.2561,177.565,174.31,177.99,171.8,975499,175.72199999999998,161.84949999999998
2025-08-06,133641835.0,162.4515,165.05,163.12,166.18,157.8,1328093,172.44400000000002,163.08499999999998
2025-08-07,95448310.0,171.5982,166.835,172.4,175.75,166.7,867478,171.662,164.497
2025-08-08,68866692.0,173.1283,174.04,172.76,176.48,170.52,623783,171.874,165.81400000000002
2025-08-11,70651033.0,174.6517,170.04,172.28,178.82,169.38,676633,170.974,167.11599999999999
2025-08-12,52335746.0,172.9157,173.32,174.95,175.16,168.5,513259,171.102,168.08300000000003
2025-08-13,108305129.0,183.4982,179.91,184.42,186.65,179.38,974816,175.36200000000002,169.29999999999998
2025-08-14,66308821.0,181.7311,179.83,180.95,185.44,179.56,633417,177.07199999999997,170.327
2025-08-15,51543136.0,177.674,180.06,177.51,180.14,176.25,463997,178.022,171.353
2025-08-18,35937528.0,176.0667,176.755,176.14,178.7953,174.36,385802,178.79399999999998,172.31
2025-08-19,64455006.0,168.5328,173.1,166.55,173.17,166.1,732621,177.114,172.9015
2025-08-20,60233226.0,162.6372,164.1,165.2,166.65,158.25,683792,173.26999999999998,173.22899999999998
2025-08-21,37880461.0,164.0685,165.86,163.71,165.8799,162.2558,370242,169.822,173.3085
2025-08-22,43998605.0,166.684,162.17,167.76,168.53,161.8,470291,167.872,173.373
2025-08-25,36134684.0,163.7389,165.55,163.36,165.59,161.72,432295,165.316,172.858
2025-08-26,52138562.0,166.5452,168.65,166.62,169.77,164.91,483008,165.32999999999998,172.317
2025-08-27,37031044.0,166.2919,166.04,167.13,167.68,164.65,337120,165.716,171.698
2025-08-28,36285192.0,168.3791,168.5,168.58,170.99,166.65,370748,166.69,171.3115
2025-08-29,37516824.0,163.5565,166.81,162.63,168.57,161.9,430474,165.66400000000002,170.858
2025-09-02,38656131.0,160.4279,158.42,162.32,162.3916,156.62,458665,165.456,170.135
2025-09-03,30752786.0,161.9745,161.81,162.13,164.75,160.58,344435,164.558,169.526
2025-09-04,32103496.0,160.2567,159.935,161.79,162.05,157.79,349388,163.49,169.4595
2025-09-05,78255950.0,152.547,157.12,151.14,157.14,150.18,891618,160.002,168.3965
2025-09-08,41848995.0,151.1053,151.8,151.41,152.6388,149.22,513779,157.75799999999998,167.329
2025-09-09,42802472.0,154.2973,151.99,155.82,156.66,151.93,458887,156.458,166.506
2025-09-10,52465270.0,160.3676,163.54,159.54,164.525,158.0,533742,155.94,165.73549999999997
2025-09-11,48817715.0,156.3031,158.62,155.67,160.21,154.99,525741,154.716,164.298
2025-09-12,42232777.0,157.9187,157.0,158.57,160.41,154.92,463796,156.202,163.179
2025-09-15,36808726.0,159.9816,160.01,161.16,162.3,157.6012,427377,158.152,162.3615
2025-09-16,27946478.0,160.4167,161.37,160.46,161.95,159.22,325029,159.07999999999998,161.5775
2025-09-17,41823842.0,159.0066,159.28,159.16,161.63,155.76,443346,159.004,161.208
2025-09-18,84549468.0,154.5942,150.96,157.92,158.7699,149.85,943304,159.454,160.844
2025-09-19,55448076.0,157.4574,157.38,157.39,159.84,155.9,463405,159.21800000000002,160.528
2025-09-22,46505480.0,160.6094,157.42,159.79,162.68,157.42,505009,158.94400000000002,160.1295
2025-09-23,39448320.0,161.1989,160.52,160.9,163.39,159.21,418066,159.03199999999998,160.0065
2025-09-24,38464120.0,161.4564,162.98,160.88,165.1,158.43,413533,159.376,159.71949999999998
2025-09-25,36809877.0,159.29,157.135,161.27,161.63,154.7798,404347,160.046,159.42649999999998
2025-09-26,30316931.0,159.0452,160.52,159.46,162.11,157.05,352322,160.45999999999998,158.9705
2025-09-29,39828794.0,162.2787,160.12,161.36,164.3,159.9,427717,160.774,158.90699999999998
2025-09-30,29669331.0,160.8795,160.795,161.79,162.28,159.33,340429,160.952,158.8805
2025-10-01,39895177.0,162.6981,160.93,164.01,164.18,160.49,441837,161.57800000000003,158.97449999999998
2025-10-02,55475228.0,169.1176,168.675,169.73,171.06,166.12,650186,163.27,159.3715
2025-10-03,42699147.0,166.7864,170.68,164.67,170.68,163.14,519838,164.31199999999998,160.048
2025-10-06,248859576.0,211.6657,226.445,203.71,226.709,203.01,3011585,172.78199999999998,162.66299999999998
2025-10-07,115748143.0,213.1695,214.85,211.51,218.9,209.28,1324733,182.72599999999997,165.44750000000002
2025-10-08,159983459.0,227.1509,212.95,235.56,235.87,210.695,1833120,197.036,169.2485
2025-10-09,94290740.0,234.2178,236.3,232.89,240.1,229.53,1112215,209.66799999999998,173.1095
2025-10-10,118656636.0,220.793,232.77,214.9,234.22,213.2001,1389529,219.714,175.926
2025-10-13,63104021.0,218.6669,220.2,216.42,224.1899,214.9,775321,222.256,178.68900000000002
2025-10-14,71216269.0,220.316,219.2,218.09,224.98,215.9,848403,223.57200000000003,181.57049999999998
2025-10-15,108480962.0,234.1807,222.705,238.6,239.24,220.7601,1160705,224.17999999999998,185.5425
2025-10-16,69726437.0,237.2975,236.285,234.56,241.2,232.24,811618,224.51399999999998,189.3745
2025-10-17,55804203.0,232.0596,233.26,233.08,235.38,227.91,650631,228.15,193.15900000000002
2025-10-20,56741695.0,240.2564,236.465,240.56,242.88,234.4,635728,232.978,197.19750000000002
2025-10-21,47122393.0,238.3905,239.39,238.03,242.26,234.02,527968,236.96599999999998,201.054
2025-10-22,59668778.0,230.6784,236.85,230.23,240.1324,224.88,688861,235.292,204.5215
2025-10-23,39024429.0,233.571,230.16,234.99,235.9,228.54,445719,235.37800000000001,208.20749999999998
2025-10-24,71221044.0,250.2784,243.36,252.92,253.39,241.95,864982,239.346,212.88049999999998
2025-10-27,65612980.0,255.6805,257.88,259.67,260.42,249.8001,798917,243.16800000000003,217.796
2025-10-28,47448229.0,260.7265,259.14,258.01,264.58,257.0,594540,247.164,222.60700000000003
2025-10-29,49335594.0,262.7492,264.19,264.33,267.0799,257.4044,678250,253.98399999999998,227.623
2025-10-30,45162452.0,258.6782,259.92,254.84,263.88,252.31,594328,257.954,231.87849999999997
2025-10-31,34449175.0,257.8862,259.6,256.12,262.13,253.4064,481713,258.594,236.45099999999996
2025-11-03,36351420.0,257.6994,259.33,259.65,260.91,253.89,511152,258.59,239.24799999999996
2025-11-04,56491820.0,251.6579,250.35,250.05,257.38,247.39,856150,256.998,241.175
2025-11-05,67366272.0,252.3483,243.24,256.33,259.65,242.805,833728,255.398,242.21349999999998
2025-11-06,66049388.0,240.9564,253.465,237.7,253.51,235.74,865206,251.96999999999997,242.454
2025-11-07,52162536.0,230.0261,230.94,233.54,235.87,224.6401,748602,247.454,243.38599999999997
2025-11-10,43361446.0,244.5626,242.135,243.98,248.9,240.5,555459,244.32,244.76399999999998
2025-11-11,61336768.0,241.1867,241.655,237.52,248.46,234.64,746890,241.814,245.73549999999994
2025-11-12,108941079.0,257.2942,253.13,258.89,263.51,250.0,1193612,242.32600000000002,246.75
2025-11-13,63178265.0,251.8808,251.9,247.96,259.6309,246.06,775859,244.378,247.42
2025-11-14,47655644.0,246.7111,240.11,246.81,253.44,235.08,629652,247.032,248.1065
2025-11-17,37942206.0,242.7022,242.745,240.52,248.77,237.15,479153,246.34,248.1045
2025-11-18,45619750.0,230.5645,236.78,230.29,238.0,224.71,622588,244.894,247.71749999999997
2025-11-19,52093443.0,225.837,230.26,223.55,235.2799,219.7101,680305,237.82600000000002,247.3835
2025-11-20,66342690.0,216.317,232.7,206.02,234.25,204.53,900043,229.43800000000002,245.93500000000003
2025-11-21,67421045.0,202.5986,208.805,203.78,208.83,195.0,871883,220.83200000000002,243.478
2025-11-24,46749561.0,213.5573,207.16,215.05,217.13,205.85,539457,215.738,241.247
2025-11-25,69773476.0,200.2818,201.475,206.13,206.58,194.275,913614,210.906,238.65300000000002
2025-11-26,43270240.0,212.2201,210.05,214.24,215.5899,207.0,531385,209.044,236.1485
2025-11-28,18657987.0,216.5952,216.135,217.53,218.3,214.02,260494,211.346,234.283
2025-12-01,30768722.0,218.4488,213.875,219.76,220.98,213.5,383424,214.542,232.465
2025-12-02,42002362.0,218.6819,221.79,215.24,225.98,214.39,504119,214.58,230.24450000000002
2025-12-03,28545180.0,216.0583,216.26,217.6,218.2,211.7686,368780,216.87400000000002,228.622
2025-12-04,24478204.0,216.4377,216.875,215.98,219.12,214.14,338800,217.22200000000004,226.6045
2025-12-05,33292215.0,219.007,217.165,217.97,223.642,216.24,424083,217.31,225.61800000000002
2025-12-08,30943082.0,220.839,219.085,221.11,223.71,218.36,383462,217.58,224.99650000000003
2025-12-09,25157354.0,221.7118,221.04,221.62,224.84,217.907,332784,218.856,223.87849999999997
2025-12-10,23270851.0,220.705,222.0,221.42,222.605,218.67,313267,219.61999999999998,223.07350000000002
2025-12-11,30679730.0,216.5247,217.81,221.43,221.4989,210.1901,450048,220.70999999999998,221.2005
2025-12-12,37050076.0,213.1169,218.37,210.78,222.49,209.06,501973,219.272,219.3415
2025-12-15,27222076.0,210.5079,212.28,207.58,215.36,206.58,390561,216.56599999999997,217.37999999999997
2025-12-16,23467549.0,207.9769,206.92,209.17,210.22,205.11,327624,214.07599999999996,215.8125
2025-12-17,31595409.0,201.5024,210.035,198.11,211.5,197.53,462211,209.414,214.20350000000002
2025-12-18,29720136.0,202.9153,203.815,201.06,206.36,200.5001,349623,205.34,213.079
2025-12-19,58445450.0,212.1249,204.6,213.43,215.18,204.2001,431730,205.86999999999998,213.4495
2025-12-22,24950728.0,214.9103,220.0,214.95,220.17,213.31,326286,207.344,214.00799999999998
2025-12-23,20272288.0,214.5903,212.855,214.9,217.03,212.28,270153,208.49,214.00050000000002
2025-12-24,7956797.0,215.1092,214.98,215.04,216.54,213.97,127877,211.87599999999998,214.446
2025-12-26,15792520.0,215.067,215.43,214.99,216.83,213.03,231924,214.66199999999998,214.4835
